battery,car_name,car_name_link,efficiency,fast_charge,price.de.,range,top_speed,acceleration..0.100.,price_usd_estimated
0.18872026265109682,Tesla Model Y Long Range Dual Motor,https://ev-database.org/car/1619/Tesla-Model-Y-Long-Range-Dual-Motor,-0.7272851873966952,0.49693906665998844,-0.21123033911654254,0.6093848400818935,0.9972054782041452,-0.7731850802085857,-0.2112375173238371
-0.6445899880160851,Tesla Model 3,https://ev-database.org/car/1991/Tesla-Model-3,-1.825666268686202,0.6241177851416917,-0.6096282968067862,0.4694155446143382,0.5549925630870556,-0.43701765403093973,-0.6096131936911847
-0.5465534879375932,BYD ATTO 3,https://ev-database.org/car/1782/BYD-ATTO-3,-0.3820797047057074,-0.7748481181570441,-0.6592840553842605,-0.3704002281909938,-0.5781780319004867,-0.10085022785329374,-0.6592804361210646
-0.44851698785910116,MG MG4 Electric 64 kWh,https://ev-database.org/car/1708/MG-MG4-Electric-64-kWh,-0.7586675040049669,0.3273674420177174,-0.8035815105608081,-0.0904616372558831,-0.5781780319004867,0.23531719832435224,-0.8035835212075293
0.18872026265109682,Tesla Model 3 Long Range Dual Motor,https://ev-database.org/car/1992/Tesla-Model-3-Long-Range-Dual-Motor,-1.4490784693869425,0.9632610344262337,-0.32943906345426666,1.2625748855971517,0.5549925630870556,-1.1093525063862317,-0.32942422304786934
-0.6445899880160851,Tesla Model Y,https://ev-database.org/car/1743/Tesla-Model-Y,-0.9783437202628682,0.11540291121487867,-0.5676933082150258,-0.18377450090091998,0.9972054782041452,-0.10085022785329374,-0.5677001521978328
-0.007352737505887178,BMW iX xDrive40,https://ev-database.org/car/1472/BMW-iX-xDrive40,0.057272727810095354,-0.30852615039079884,0.3579585223705814,-0.0904616372558831,0.5273542558922374,-0.43701765403093973,0.3579611878534166
-0.35048048778060914,Volvo EX30 Single Motor ER,https://ev-database.org/car/1910/Volvo-EX30-Single-Motor-ER,-0.6959028707884236,-0.01177580726682459,-0.7475436638903042,0.002851226389153787,-0.025411888004124614,-0.7731850802085857,-0.7475457270788662
-1.3308454885655292,Citroen e-C3,https://ev-database.org/car/2039/Citroen-e-C3,-0.6017559209636087,-0.9868126489598829,-1.323176877744536,-1.1169031373512888,-1.2691357117709392,1.2438194768572903,-1.3231726360064757
0.5318480129258188,BYD SEAL 82.5 kWh AWD Excellence,https://ev-database.org/car/2002/BYD-SEAL-825-kWh-AWD-Excellence,-0.7900498206132385,-0.09656161958796008,-0.3777561401390567,1.075949158307078,-0.025411888004124614,-1.1093525063862317,-0.37776546829157714
0.4828297628865728,BMW i4 eDrive40,https://ev-database.org/car/1252/BMW-i4-eDrive40,-1.1980199365207695,1.0480468467473691,-0.20553315803837463,1.3558877492421886,0.25097118394405643,-0.43701765403093973,-0.20552996421813996
-0.5465534879375932,Renault Megane E-Tech EV60 220hp,https://ev-database.org/car/1521/Renault-Megane-E-Tech-EV60-220hp,-1.166637619912498,-0.09656161958796008,-0.5977980847319021,0.09616409003419067,-0.5781780319004867,-0.10085022785329374,-0.5977945231187815
-0.30146223774136316,BMW iX1 xDrive30,https://ev-database.org/car/1701/BMW-iX1-xDrive30,-0.7900498206132385,-0.01177580726682459,-0.3362881336028838,0.09616409003419067,-0.025411888004124614,-0.43701765403093973,-0.33628481718502046
-0.35048048778060914,Hyundai Kona Electric 64 kWh,https://ev-database.org/car/1423/Hyundai-Kona-Electric-64-kWh,-0.9783437202628682,-0.7748481181570441,-0.7129869917768268,0.18947695367922757,-0.38470988153675995,0.23531719832435224,-0.7129833221610333
0.18872026265109682,Tesla Model Y Performance,https://ev-database.org/car/1183/Tesla-Model-Y-Performance,-0.44484433792225064,0.3697603481782852,-0.06646590188440742,0.42275911279181977,1.9092696156331426,-1.1093525063862317,-0.06647321582479084
-0.30146223774136316,Kia Niro EV,https://ev-database.org/car/1666/Kia-Niro-EV,-0.8528144538297817,-0.6900623058359086,-0.6261283294375457,0.14282052185670913,-0.38470988153675995,0.23531719832435224,-0.6261305064667628
1.4141765136322468,Rolls-Royce Spectre,https://ev-database.org/car/1765/Rolls-Royce-Spectre,0.7790660098003427,-0.05416871342739234,-0.2758295234728179,0.7960105673719673,1.9092696156331426,-1.1093525063862317,-0.27583664111104594
1.1690852634360167,Tesla Model S Plaid,https://ev-database.org/car/1405/Tesla-Model-S-Plaid,-0.7900498206132385,0.9632610344262337,1.4061775764793965,1.7757956356448545,2.7936954458673218,-1.7816873587415236,1.4061907895482233
0.1397020126118508,BMW iX3,https://ev-database.org/car/1535/BMW-iX3,-0.09963885523126276,-0.13895452574852785,0.04663715197889298,0.14282052185670913,-0.025411888004124614,-0.10085022785329374,0.046640109360843895
0.9239940132397868,Hongqi E-HS9 99 kWh,https://ev-database.org/car/1747/Hongqi-E-HS9-99-kWh,1.50085929179059,-0.5204906811936376,-0.2758295234728179,0.002851226389153787,0.5273542558922374,-0.7731850802085857,-0.27583664111104594
-1.673973238840251,Fiat 500e Hatchback 42 kWh,https://ev-database.org/car/1285/Fiat-500e-Hatchback-42-kWh,-1.1352553033042263,-0.6900623058359086,-0.9592421957566524,-1.256872432818844,-0.8545611038486677,0.5714846245019982,-0.9592440604538156
0.6789027630435568,BYD HAN,https://ev-database.org/car/1784/BYD-HAN,-0.47622665453052226,-0.4357048688725021,0.1557552923011798,0.982636294662041,-0.025411888004124614,-1.1093525063862317,0.15574661696217607
1.1690852634360167,Tesla Model S Dual Motor,https://ev-database.org/car/1404/Tesla-Model-S-Dual-Motor,-0.9469614036545966,1.0480468467473691,0.9391955208918638,1.91576493111241,1.9092696156331426,-1.4455199325638777,0.9392091718093643
-0.5465534879375932,BYD DOLPHIN 60.4 kWh,https://ev-database.org/car/1919/BYD-DOLPHIN-604-kWh,-0.5389912877470655,-0.9020268366387474,-0.9281100587174835,-0.2770873645459569,-0.5781780319004867,-0.10085022785329374,-0.9281119526045584
-0.6445899880160851,CUPRA Born 150 kW - 58 kWh,https://ev-database.org/car/1516/CUPRA-Born-150-kW---58-kWh,-0.915579087046325,-0.35091905655136657,-0.8228834355250928,-0.18377450090091998,-0.5781780319004867,-0.10085022785329374,-0.822868132458597
-2.262192239311203,Dacia Spring Electric 45,https://ev-database.org/car/1705/Dacia-Spring-Electric-45,-1.3549315195621277,-1.5803133352078313,-1.3465259805239127,-1.9100624783341025,-1.5455187837191202,3.933158886278458,-1.3465217168934187
0.4828297628865728,BMW i5 eDrive40 Sedan,https://ev-database.org/car/1906/BMW-i5-eDrive40-Sedan,-0.7586675040049669,0.6665106913022594,0.13692034939248263,0.982636294662041,0.3338861055285107,-0.43701765403093973,0.13692322212368996
0.4828297628865728,BMW i4 M50,https://ev-database.org/car/1519/BMW-i4-M50,-0.5076089711387939,0.6241177851416917,0.15559963161598395,0.7493541355494489,1.21831193576269,-1.1093525063862317,0.15560248683324432
-0.9877177382908071,Opel Astra Electric,https://ev-database.org/car/1792/Opel-Astra-Electric,-0.8841967704380533,-0.2661332442302311,-0.7413172364824704,-0.603682387303586,-0.30179495995230565,0.5714846245019982,-0.7413193055090147
-0.15440748762362516,MG ZS EV Long Range,https://ev-database.org/car/1541/MG-ZS-EV-Long-Range,-0.3193150714891641,-0.5628835873542053,-0.8658457846391459,0.002851226389153787,-0.16360342397821512,0.23531719832435224,-0.8658477369060438
0.28675676272958883,Audi Q4 e-tron 40,https://ev-database.org/car/1490/Audi-Q4-e-tron-40,-0.19378580505607762,0.3273674420177174,-0.2758295234728179,0.3294462491467829,-0.5781780319004867,0.23531719832435224,-0.27583664111104594
1.5122130137107388,BMW i7 xDrive60,https://ev-database.org/car/1676/BMW-i7-xDrive60,0.1200373610266386,0.8784752221050982,2.306830301022551,1.3092313174196701,1.6328865436849616,-0.7731850802085857,2.3068311392169214
-0.35048048778060914,Toyota bZ4X FWD,https://ev-database.org/car/1564/Toyota-bZ4X-FWD,-0.22516812166434927,-0.18134743190909558,-0.5700904827670418,-0.2770873645459569,-0.5781780319004867,0.23531719832435224,-0.5700927123380998
-1.085754238369299,Volvo EX30 Single Motor,https://ev-database.org/car/1909/Volvo-EX30-Single-Motor,-0.6331382375718804,-0.5204906811936376,-0.9094307764939822,-0.8369645464161782,-0.025411888004124614,-0.43701765403093973,-0.909432687895004
-0.44851698785910116,Smart #1,https://ev-database.org/car/1667/Smart-1,-0.3193150714891641,-0.13895452574852785,-0.725751167962886,-0.32374379636847533,-0.025411888004124614,-0.10085022785329374,-0.7257532515843861
0.1397020126118508,Kia EV6 Long Range 2WD,https://ev-database.org/car/1481/Kia-EV6-Long-Range-2WD,-0.47622665453052226,2.1926553130826982,-0.429995866090782,0.37610268096930133,0.1127796479699659,-0.10085022785329374,-0.4299982270164421
0.28675676272958883,Volkswagen ID.7 Pro,https://ev-database.org/car/1839/Volkswagen-ID7-Pro,-1.0411083534794114,0.6665106913022594,-0.27417952020974196,0.982636294662041,-0.025411888004124614,-0.43701765403093973,-0.2741647316154377
1.6592677638284767,BMW iX xDrive50,https://ev-database.org/car/1473/BMW-iX-xDrive50,0.40247821050108323,0.5393319728205561,1.0677712468636311,1.2625748855971517,0.5273542558922374,-0.7731850802085857,1.0677732468164822
1.7082860138677227,Audi Q8 e-tron 55 quattro,https://ev-database.org/car/1770/Audi-Q8-e-tron-55-quattro,0.4652428437176265,0.3697603481782852,0.6070156186839322,1.2625748855971517,0.5273542558922374,-0.43701765403093973,0.6070180506474747
-0.9877177382908071,MG MG4 Electric 51 kWh,https://ev-database.org/car/1707/MG-MG4-Electric-51-kWh,-0.8214321372215101,-0.6900623058359086,-0.9592421957566524,-0.6503388191261045,-0.5781780319004867,0.23531719832435224,-0.9592440604538156
0.09068376257260481,Peugeot e-3008 73 kWh,https://ev-database.org/car/2003/Peugeot-e-3008-73-kWh,-0.3820797047057074,-0.39331196271193436,-0.2758295234728179,0.28278981732426445,-0.025411888004124614,-0.10085022785329374,-0.27583664111104594
0.5318480129258188,BYD SEAL 82.5 kWh RWD Design,https://ev-database.org/car/2001/BYD-SEAL-825-kWh-RWD-Design,-0.9469614036545966,-0.01177580726682459,-0.5673508547075949,1.2159184537746333,-0.025411888004124614,-0.43701765403093973,-0.5673542398883966
0.28675676272958883,Skoda Enyaq 85,https://ev-database.org/car/2020/Skoda-Enyaq-85,-0.8214321372215101,0.5393319728205561,-0.5261941695418137,0.7960105673719673,-0.025411888004124614,-0.10085022785329374,-0.5261906750654898
-0.30146223774136316,Hyundai Kona Electric 65 kWh,https://ev-database.org/car/1830/Hyundai-Kona-Electric-65-kWh,-0.8528144538297817,-0.6476693996753409,-0.5794301238787924,0.18947695367922757,-0.30179495995230565,0.5714846245019982,-0.579432344692877
-0.6445899880160851,Volkswagen ID.3 Pro,https://ev-database.org/car/1831/Volkswagen-ID3-Pro,-0.915579087046325,-0.4357048688725021,-0.8034258498756123,-0.18377450090091998,-0.5781780319004867,-0.10085022785329374,-0.8034105650528112
-0.9386994882515611,Renault Zoe ZE50 R110,https://ev-database.org/car/1164/Renault-Zoe-ZE50-R110,-0.9469614036545966,-1.3683488044049925,-0.90164774223419,-0.510369523658549,-1.2691357117709392,1.2438194768572903,-0.9016496609326896
1.2181035134752627,Kia EV9 99.8 kWh AWD,https://ev-database.org/car/1835/Kia-EV9-998-kWh-AWD,0.9673599094499724,0.7936894097839626,0.33274149136885467,0.5160719764368566,0.5273542558922374,-0.43701765403093973,0.3327384152903609
-1.232808988487037,Peugeot e-208,https://ev-database.org/car/1583/Peugeot-e-208,-1.0411083534794114,-0.39331196271193436,-0.8312891125256684,-0.7903081145936598,-0.8545611038486677,0.23531719832435224,-0.831285331988211
0.6789027630435568,Audi e-tron GT RS,https://ev-database.org/car/1153/Audi-e-tron-GT-RS,0.4652428437176265,1.8959049699587243,2.4982929438134396,0.3294462491467829,1.9092696156331426,-1.4455199325638777,2.4982936024898534
-2.458265239468187,Renault Twingo Electric,https://ev-database.org/car/1270/Renault-Twingo-Electric,-1.166637619912498,-0.13895452574852785,-1.1768558336604424,-2.190001069269213,-1.2691357117709392,1.9161543292125822,-1.1768517291149667
0.28675676272958883,CUPRA Born 170 kW - 77 kWh,https://ev-database.org/car/1518/CUPRA-Born-170-kW---77-kWh,-0.7586675040049669,0.3273674420177174,-0.6024679052877774,0.7493541355494489,-0.5781780319004867,-0.10085022785329374,-0.60246433929617
0.7279210130828028,BYD TANG,https://ev-database.org/car/1783/BYD-TANG,1.4067123419657752,-0.9444197427993151,0.17427891383948524,-0.0904616372558831,-0.025411888004124614,-0.7731850802085857,0.17428175154279868
-2.066119239154219,Mini Cooper SE,https://ev-database.org/car/1409/Mini-Cooper-SE,-1.072490670087683,-1.2411700859232893,-0.9371383784588424,-1.7700931828665472,-0.8545611038486677,-0.10085022785329374,-0.9371344986756857
-0.20342573766287117,BMW i4 eDrive35,https://ev-database.org/car/1785/BMW-i4-eDrive35,-1.2294022531290412,0.11540291121487867,-0.28958992804413053,0.5627284082593751,0.25097118394405643,-0.43701765403093973,-0.28958665541113454
0.1397020126118508,Hyundai IONIQ 6 Long Range AWD,https://ev-database.org/car/1719/Hyundai-IONIQ-6-Long-Range-AWD,-0.8528144538297817,2.5317985623672405,-0.14638209766395385,0.656041271904412,0.1127796479699659,-0.7731850802085857,-0.14637895930455114
0.1397020126118508,Kia EV6 GT,https://ev-database.org/car/1471/Kia-EV6-GT,0.33971357728454,1.6415475329953177,0.2237790117317637,-0.0904616372558831,2.1856526875813236,-1.1093525063862317,0.22377603781796046
0.1397020126118508,Hyundai IONIQ 6 Long Range 2WD,https://ev-database.org/car/1718/Hyundai-IONIQ-6-Long-Range-2WD,-1.4490784693869425,3.125299248615189,-0.3674202706420526,1.1692620219521148,0.1127796479699659,-0.10085022785329374,-0.36741692503427775
-0.9877177382908071,Jeep Avenger Electric,https://ev-database.org/car/1816/Jeep-Avenger-Electric,-0.9783437202628682,-0.22374033806966334,-0.896666600307923,-0.5570259554810676,-0.8545611038486677,0.5714846245019982,-0.8966627584716512
0.7769392631220488,Nissan Ariya 87kWh,https://ev-database.org/car/1302/Nissan-Ariya-87kWh,-0.06825653862299114,-0.05416871342739234,-0.2120709068166001,0.7493541355494489,-0.5781780319004867,0.23531719832435224,-0.21207347207164123
-1.575936738761759,Nissan Leaf,https://ev-database.org/car/1656/Nissan-Leaf,-0.915579087046325,-1.3683488044049925,-1.0087422936489308,-1.256872432818844,-1.0203909470175763,0.23531719832435224,-1.0087383467289774
0.28675676272958883,Volkswagen ID. Buzz Pro,https://ev-database.org/car/1651/Volkswagen-ID-Buzz-Pro,0.8732129596251575,-0.30852615039079884,-0.0380111286306071,-0.23043093272343843,-0.9927526398227582,0.9076520506796443,-0.038021928373664055
-0.05637098754513318,Mercedes EQA 250+,https://ev-database.org/car/1698/Mercedes-EQA-250plus,-0.8528144538297817,0.11540291121487867,-0.2758295234728179,0.4694155446143382,-0.5781780319004867,0.5714846245019982,-0.27583664111104594
0.28675676272958883,Volkswagen ID.4 Pro,https://ev-database.org/car/2028/Volkswagen-ID4-Pro,-0.5703736043553371,0.4121532543388529,-0.6060481010472818,0.6093848400818935,-0.025411888004124614,-0.10085022785329374,-0.6060387664936774
-1.232808988487037,Opel Corsa-e,https://ev-database.org/car/1585/Opel-Corsa-e,-1.1980199365207695,-0.35091905655136657,-0.2758295234728179,-0.6969952509486229,-0.8545611038486677,0.23531719832435224,-0.27583664111104594
1.1200670133967707,Zeekr 001 Performance AWD,https://ev-database.org/car/1934/Zeekr-001-Performance-AWD,-0.2879327548808925,0.6241177851416917,-0.05703286436153926,1.2625748855971517,0.5273542558922374,-1.1093525063862317,-0.057018279366868256
-1.232808988487037,Citroen e-C4,https://ev-database.org/car/1587/Citroen-e-C4,-1.1038729866959547,-0.39331196271193436,-0.9265534518655251,-0.7436516827711414,-0.8545611038486677,0.9076520506796443,-0.9265553472120954
1.1200670133967707,Polestar 4 Long Range Dual Motor,https://ev-database.org/car/1842/Polestar-4-Long-Range-Dual-Motor,0.21418431085145348,0.5817248789811239,-0.2758295234728179,0.8893234310170042,0.5273542558922374,-1.1093525063862317,-0.27583664111104594
2.296505014338675,Lucid Air Dream Edition R,https://ev-database.org/car/1696/Lucid-Air-Dream-Edition-R,-0.7272851873966952,1.3447971898713433,4.738250203781638,2.9422064312078158,2.462035759529505,-1.4455199325638777,4.738248762243914
0.1397020126118508,MG MG4 Electric 77 kWh,https://ev-database.org/car/1973/MG-MG4-Electric-77-kWh,-0.6331382375718804,-0.5204906811936376,-0.616788688325795,0.5160719764368566,-0.025411888004124614,-0.43701765403093973,-0.6167908741119857
1.3161400135537549,Peugeot e-3008 98 kWh Long Range,https://ev-database.org/car/2005/Peugeot-e-3008-98-kWh-Long-Range,-0.22516812166434927,0.5393319728205561,-0.2758295234728179,1.402544181064707,-0.025411888004124614,-0.10085022785329374,-0.27583664111104594
0.43381151284732683,Hyundai IONIQ 5 N,https://ev-database.org/car/2044/Hyundai-IONIQ-5-N,0.40247821050108323,1.6839404391558854,-0.2758295234728179,0.14282052185670913,2.1856526875813236,-1.4455199325638777,-0.27583664111104594
0.1397020126118508,Hyundai IONIQ 5 Long Range 2WD,https://ev-database.org/car/1662/Hyundai-IONIQ-5-Long-Range-2WD,-0.162403488447806,1.9806907822798596,-0.5573263065809826,0.18947695367922757,0.1127796479699659,-0.10085022785329374,-0.557322782914747
-0.6445899880160851,Tesla Model Y,https://ev-database.org/car/1974/Tesla-Model-Y,-0.9783437202628682,1.0904397529079368,-0.5676933082150258,-0.18377450090091998,0.9972054782041452,-0.10085022785329374,-0.5677001521978328
-0.44851698785910116,Honda e:Ny1,https://ev-database.org/car/1940/Honda-eNy1,-0.3193150714891641,-1.0715984612810183,-0.566977269063125,-0.32374379636847533,-0.5781780319004867,0.23531719832435224,-0.5669795015531741
-1.2818272385262832,BYD DOLPHIN 44.9 kWh Active,https://ev-database.org/car/1917/BYD-DOLPHIN-449-kWh-Active,-0.6017559209636087,-1.2411700859232893,-1.1149028809524966,-1.0702467055287703,-0.8545611038486677,0.9076520506796443,-1.114904599700102
1.8553407639854607,Lotus Eletre,https://ev-database.org/car/1767/Lotus-Eletre,0.7790660098003427,2.065476594600995,0.9398181636326471,1.1692620219521148,1.9092696156331426,-1.1093525063862317,0.9398145183508776
0.3847932628080808,Polestar 2 Long Range Single Motor,https://ev-database.org/car/1818/Polestar-2-Long-Range-Single-Motor,-0.8528144538297817,0.6241177851416917,-0.35263250554844744,0.9359798628395226,0.665545791866328,-0.43701765403093973,-0.35262917380588055
-0.35048048778060914,Volvo EX30 Twin Motor Performance,https://ev-database.org/car/1911/Volvo-EX30-Twin-Motor-Performance,-0.5389912877470655,-0.05416871342739234,-0.5389583457278729,-0.0904616372558831,-0.025411888004124614,-1.1093525063862317,-0.5389606044888425
-0.30146223774136316,BMW iX1 eDrive20,https://ev-database.org/car/1996/BMW-iX1-eDrive20,-0.915579087046325,0.03061709889374316,-0.5573263065809826,0.18947695367922757,-0.30179495995230565,0.23531719832435224,-0.557322782914747
-0.8406629881730692,Hyundai IONIQ 6 Standard Range 2WD,https://ev-database.org/car/1717/Hyundai-IONIQ-6-Standard-Range-2WD,-1.4804607859952141,1.4719759083530466,-0.681854854737658,-0.043805205433364656,0.1127796479699659,0.5714846245019982,-0.6818512143117761
0.7279210130828028,Volkswagen ID.7 Pro S,https://ev-database.org/car/1840/Volkswagen-ID7-Pro-S,-0.9469614036545966,1.0480468467473691,-0.2758295234728179,1.402544181064707,-0.025411888004124614,-0.10085022785329374,-0.27583664111104594
-1.232808988487037,Opel Mokka-e,https://ev-database.org/car/1586/Opel-Mokka-e,-0.5389912877470655,-0.5628835873542053,-0.7830343001149567,-1.0235902737062519,-0.8545611038486677,0.5714846245019982,-0.7830305648218622
-0.2524439877021172,Mercedes EQB 350 4MATIC,https://ev-database.org/car/1493/Mercedes-EQB-350-4MATIC,0.025890411201823733,-0.2661332442302311,-0.2758295234728179,-0.2770873645459569,-0.5781780319004867,-0.43701765403093973,-0.27583664111104594
-0.44851698785910116,MG MG4 Electric XPOWER,https://ev-database.org/car/1944/MG-MG4-Electric-XPOWER,-0.06825653862299114,0.03061709889374316,-0.5856565512866262,-0.46371309183603066,0.5273542558922374,-1.1093525063862317,-0.5856587662627284
-0.44851698785910116,Smart #1 Brabus,https://ev-database.org/car/1748/Smart-1-Brabus,0.057272727810095354,-0.2661332442302311,-0.5233922772082885,-0.510369523658549,-0.025411888004124614,-1.1093525063862317,-0.5233945505642139
-0.35048048778060914,Subaru Solterra AWD,https://ev-database.org/car/1567/Subaru-Solterra-AWD,0.15141967763491024,-0.30852615039079884,-0.2587691123753534,-0.46371309183603066,-0.5781780319004867,-0.10085022785329374,-0.25877163384552715
1.8063225139462147,Mercedes EQS 450+,https://ev-database.org/car/2008/Mercedes-EQS-450plus,-0.7586675040049669,1.6839404391558854,1.3620010740208157,2.4756421129826314,0.8037373278404185,-0.43701765403093973,1.3620004920177498
1.7082860138677227,Fisker Ocean One,https://ev-database.org/car/1712/Fisker-Ocean-One,0.18280199424318186,0.3273674420177174,0.12913731513269042,1.495857044709744,0.665545791866328,-1.1093525063862317,0.12914019516137565
0.3847932628080808,Volvo XC40 Recharge Single Motor ER,https://ev-database.org/car/1797/Volvo-XC40-Recharge-Single-Motor-ER,-0.005491905406447891,0.20018872353601416,-0.39855240768122147,0.3294462491467829,-0.025411888004124614,-0.10085022785329374,-0.398549032883535
1.1200670133967707,Zeekr 001 Long Range RWD,https://ev-database.org/car/1933/Zeekr-001-Long-Range-RWD,-0.5703736043553371,0.7936894097839626,-0.15042927547904578,1.495857044709744,0.5273542558922374,-0.10085022785329374,-0.15041460291464004
0.28675676272958883,Skoda Enyaq Coupe 85,https://ev-database.org/car/2024/Skoda-Enyaq-Coupe-85,-1.1352553033042263,0.7089035974628272,-0.4561468612036838,1.075949158307078,-0.025411888004124614,-0.10085022785329374,-0.45614343240466093
0.4828297628865728,BMW i5 M60 xDrive Sedan,https://ev-database.org/car/1907/BMW-i5-M60-xDrive-Sedan,-0.13102117183953438,0.3273674420177174,1.0490919646401298,0.5160719764368566,1.3565034717367805,-1.1093525063862317,1.0490939821069278
0.6789027630435568,Audi e-tron GT quattro,https://ev-database.org/car/1420/Audi-e-tron-GT-quattro,0.21418431085145348,2.0230836884404275,1.2530074622466856,0.4694155446143382,1.7710780796590522,-1.1093525063862317,1.253009288519563
0.1397020126118508,Kia EV6 Long Range AWD,https://ev-database.org/car/1482/Kia-EV6-Long-Range-AWD,-0.3193150714891641,2.107869500761563,-0.30577863930449833,0.28278981732426445,0.1127796479699659,-0.7731850802085857,-0.30578688190306286
-0.6936082380553311,MG MG5 Electric Long Range,https://ev-database.org/car/1474/MG-MG5-Electric-Long-Range,-0.7586675040049669,-0.9444197427993151,-0.8502797161195613,-0.32374379636847533,0.1127796479699659,0.23531719832435224,-0.8502816829814152
-2.017100989114973,Mazda MX-30,https://ev-database.org/car/1680/Mazda-MX-30,-0.6017559209636087,-1.453134616726128,-0.9281100587174835,-1.863406046511584,-1.1309441757968488,0.9076520506796443,-0.9281119526045584
1.1200670133967707,Polestar 4 Long Range Single Motor,https://ev-database.org/car/1841/Polestar-4-Long-Range-Single-Motor,-0.162403488447806,0.7936894097839626,-0.2758295234728179,1.1692620219521148,-0.025411888004124614,-0.10085022785329374,-0.27583664111104594
0.6298845130043108,Maxus MIFA 9,https://ev-database.org/car/1837/Maxus-MIFA-9,1.092889175883059,-0.9444197427993151,0.09925046357508834,-0.043805205433364656,-0.025411888004124614,0.5714846245019982,0.0992476064209314
-1.575936738761759,Hyundai Kona Electric 39 kWh,https://ev-database.org/car/1422/Hyundai-Kona-Electric-39-kWh,-1.1038729866959547,-1.453134616726128,-0.9153458825314242,-1.1635595691738072,-0.7163695678745772,0.9076520506796443,-0.9153420231812056
1.7082860138677227,Fisker Ocean Ultra,https://ev-database.org/car/1710/Fisker-Ocean-Ultra,0.1200373610266386,0.3697603481782852,-0.2740238595245461,1.5425134765322623,0.5273542558922374,-1.1093525063862317,-0.2740206014865059
-0.9386994882515611,Renault Zoe ZE50 R135,https://ev-database.org/car/1205/Renault-Zoe-ZE50-R135,-0.8528144538297817,-1.3683488044049925,-0.8705156051950211,-0.5570259554810676,-1.1309441757968488,0.9076520506796443,-0.8705175530834324
1.2181035134752627,Kia EV9 99.8 kWh RWD,https://ev-database.org/car/1834/Kia-EV9-998-kWh-RWD,0.5593897935424413,0.9632610344262337,0.20821294321217929,0.7493541355494489,0.1127796479699659,0.5714846245019982,0.20820998389333184
-0.35048048778060914,Lexus RZ 450e,https://ev-database.org/car/1677/Lexus-RZ-450e,0.15141967763491024,-0.30852615039079884,0.06842964790631118,-0.46371309183603066,-0.5781780319004867,-0.43701765403093973,0.06843258485532398
1.1690852634360167,Tesla Model X Dual Motor,https://ev-database.org/car/1407/Tesla-Model-X-Dual-Motor,0.15141967763491024,0.45454616049942065,1.0948562060877078,0.982636294662041,1.9092696156331426,-1.1093525063862317,1.0948697110556505
-0.05637098754513318,Mercedes EQB 250+,https://ev-database.org/car/1988/Mercedes-EQB-250plus,-0.7900498206132385,0.03061709889374316,-0.3825504892430887,0.42275911279181977,-0.5781780319004867,0.5714846245019982,-0.3825505885721111
0.1397020126118508,Hyundai IONIQ 5 Long Range AWD,https://ev-database.org/car/1663/Hyundai-IONIQ-5-Long-Range-AWD,-0.09963885523126276,1.938297876119292,-0.20553315803837463,0.14282052185670913,0.1127796479699659,-0.7731850802085857,-0.20552996421813996
-0.9877177382908071,Peugeot e-308,https://ev-database.org/car/1744/Peugeot-e-308,-0.8214321372215101,-0.4357048688725021,-0.6549255561987769,-0.6503388191261045,-0.30179495995230565,0.9076520506796443,-0.6549277062273259
1.1690852634360167,Tesla Model X Plaid,https://ev-database.org/car/1408/Tesla-Model-X-Plaid,0.43386052710935485,0.3273674420177174,1.5618382616752406,0.7960105673719673,2.2409293019709597,-1.4455199325638777,1.5618513287945095
0.3847932628080808,Volvo XC40 Recharge Twin Motor,https://ev-database.org/car/1798/Volvo-XC40-Recharge-Twin-Motor,0.2455666274597251,0.11540291121487867,-0.182184055258998,0.18947695367922757,-0.025411888004124614,-0.7731850802085857,-0.182180883331197
-0.8406629881730692,Hyundai IONIQ 5 Standard Range 2WD,https://ev-database.org/car/1476/Hyundai-IONIQ-5-Standard-Range-2WD,-0.3820797047057074,0.7089035974628272,-0.681854854737658,-0.6969952509486229,0.1127796479699659,0.23531719832435224,-0.6818512143117761
0.28675676272958883,Volkswagen ID.5 Pro,https://ev-database.org/car/2031/Volkswagen-ID5-Pro,-0.8214321372215101,0.5393319728205561,-0.5240149199490719,0.7960105673719673,-0.025411888004124614,-0.10085022785329374,-0.5239998971057273
-0.2524439877021172,Mercedes EQB 300 4MATIC,https://ev-database.org/car/1559/Mercedes-EQB-300-4MATIC,0.025890411201823733,-0.2661332442302311,-0.2758295234728179,-0.2770873645459569,-0.5781780319004867,0.23531719832435224,-0.27583664111104594
1.7082860138677227,Audi Q8 e-tron Sportback 55 quattro,https://ev-database.org/car/1772/Audi-Q8-e-tron-Sportback-55-quattro,0.21418431085145348,0.45454616049942065,0.677062927022062,1.4492006128872255,0.5273542558922374,-0.43701765403093973,0.6770652933083036
-0.30146223774136316,BMW iX2 xDrive30,https://ev-database.org/car/2040/BMW-iX2-xDrive30,-0.7900498206132385,-0.01177580726682459,-0.28958992804413053,0.09616409003419067,-0.025411888004124614,-0.43701765403093973,-0.28958665541113454
0.28675676272958883,Audi Q4 e-tron 45,https://ev-database.org/car/2013/Audi-Q4-e-tron-45,-0.3820797047057074,0.3273674420177174,-0.40010901453317993,0.4694155446143382,-0.025411888004124614,-0.10085022785329374,-0.4001056382759979
-0.35048048778060914,Zeekr X Privilege AWD,https://ev-database.org/car/1937/Zeekr-X-Privilege-AWD,-0.3820797047057074,-0.13895452574852785,-0.47731671439031864,-0.18377450090091998,-0.025411888004124614,-1.1093525063862317,-0.47730173533184134
1.6592677638284767,BMW iX M60,https://ev-database.org/car/1590/BMW-iX-M60,0.6849190599755278,0.4121532543388529,2.1885281802737095,1.075949158307078,1.9092696156331426,-1.1093525063862317,2.1885291293897438
-0.9877177382908071,Fiat 600e,https://ev-database.org/car/1945/Fiat-600e,-0.8841967704380533,-0.2661332442302311,-0.9125439901978991,-0.603682387303586,-0.8545611038486677,0.5714846245019982,-0.9125458986799297
-0.44851698785910116,Smart #3,https://ev-database.org/car/1999/Smart-3,-0.6331382375718804,-0.01177580726682459,-0.6946190309237171,-0.13711806907840154,-0.025411888004124614,-0.10085022785329374,-0.6946211437351288
-0.05637098754513318,MG Marvel R,https://ev-database.org/car/1524/MG-Marvel-R,-0.09963885523126276,-0.6476693996753409,-0.5856565512866262,-0.043805205433364656,0.5273542558922374,0.23531719832435224,-0.5856587662627284
-0.5955717379768392,Nissan Leaf e+,https://ev-database.org/car/1657/Nissan-Leaf-eplus,-0.664520554180152,-1.3259558982444248,-0.7690248384473307,-0.2770873645459569,-0.661092953484941,-0.10085022785329374,-0.7690211162896965
0.3847932628080808,Polestar 2 Long Range Dual Motor,https://ev-database.org/car/1819/Polestar-2-Long-Range-Dual-Motor,-0.6017559209636087,0.49693906665998844,-0.2187643162800214,0.7493541355494489,0.665545791866328,-1.1093525063862317,-0.21876111005407428
-2.262192239311203,Dacia Spring Electric 65 Extreme,https://ev-database.org/car/1813/Dacia-Spring-Electric-65-Extreme,-1.2294022531290412,-1.622706241368399,-1.284261706445575,-1.956718910156621,-1.5455187837191202,2.2523217553902284,-1.2842575011949042
0.9730122632790328,Mercedes EQE 350+,https://ev-database.org/car/2006/Mercedes-EQE-350plus,-0.7586675040049669,1.0056539405868015,-0.2758295234728179,1.495857044709744,0.8037373278404185,-0.43701765403093973,-0.27583664111104594
0.28675676272958883,Volkswagen ID.3 Pro S - 4 Seats,https://ev-database.org/car/1832/Volkswagen-ID3-Pro-S---4-Seats,-0.8214321372215101,0.5393319728205561,-0.566821608377929,0.7960105673719673,-0.5781780319004867,0.23531719832435224,-0.566806545398456
1.8063225139462147,Mercedes EQS SUV 580 4MATIC,https://ev-database.org/car/1675/Mercedes-EQS-SUV-580-4MATIC,0.9045952762334292,0.7089035974628272,2.167794177005623,1.075949158307078,0.8037373278404185,-0.7731850802085857,2.1678032168493586
1.2181035134752627,Kia EV9 99.8 kWh AWD GT-Line,https://ev-database.org/car/1993/Kia-EV9-998-kWh-AWD-GT-Line,1.1242714924913306,0.7089035974628272,0.5161097785295591,0.42275911279181977,0.5273542558922374,-0.7731850802085857,0.516100765317329
-0.5465534879375932,Renault Megane E-Tech EV60 130hp,https://ev-database.org/car/1588/Renault-Megane-E-Tech-EV60-130hp,-1.166637619912498,-0.09656161958796008,-0.5853452299162345,0.09616409003419067,-0.8545611038486677,0.9076520506796443,-0.5853416799790786
-0.6445899880160851,Skoda Enyaq 60,https://ev-database.org/car/2019/Skoda-Enyaq-60,-0.7586675040049669,-0.39331196271193436,-0.6725152136259073,-0.2770873645459569,-0.5781780319004867,0.5714846245019982,-0.6725115819569989
-1.232808988487037,Citroen e-C4 X,https://ev-database.org/car/1706/Citroen-e-C4-X,-1.0411083534794114,-0.39331196271193436,-0.8798552463067718,-0.7903081145936598,-0.8545611038486677,0.9076520506796443,-0.8798571854382096
0.9730122632790328,Ford Mustang Mach-E ER RWD,https://ev-database.org/car/2035/Ford-Mustang-Mach-E-ER-RWD,-0.162403488447806,-0.5628835873542053,-0.22732565396579282,1.0292927264845595,-0.025411888004124614,-0.10085022785329374,-0.22732243971262003
2.0023955141031986,Lucid Air Grand Touring,https://ev-database.org/car/1316/Lucid-Air-Grand-Touring,-0.8528144538297817,1.21761847138964,2.9014541184706757,2.755580703917742,2.462035759529505,-1.4455199325638777,2.901454399137735
-0.2524439877021172,Volvo XC40 Recharge Single Motor,https://ev-database.org/car/1796/Volvo-XC40-Recharge-Single-Motor,-0.13102117183953438,-0.5628835873542053,-0.5697791613966501,-0.23043093272343843,-0.025411888004124614,-0.10085022785329374,-0.56977562605445
-0.20342573766287117,Polestar 2 Standard Range Single Motor,https://ev-database.org/car/1817/Polestar-2-Standard-Range-Single-Motor,-0.9469614036545966,-0.30852615039079884,-0.4678214125933721,0.3294462491467829,0.665545791866328,-0.43701765403093973,-0.4678179728481324
-0.9877177382908071,Peugeot e-2008 54 kWh,https://ev-database.org/car/1947/Peugeot-e-2008-54-kWh,-0.8214321372215101,-0.30852615039079884,-0.801713582338458,-0.6503388191261045,-0.8545611038486677,0.5714846245019982,-0.8017098295314166
0.23773851269034282,XPENG G9 RWD Standard Range,https://ev-database.org/car/1824/XPENG-G9-RWD-Standard-Range,-0.162403488447806,1.21761847138964,-0.2758295234728179,0.28278981732426445,0.5273542558922374,-0.43701765403093973,-0.27583664111104594
-1.2818272385262832,ORA Funky Cat 48 kWh,https://ev-database.org/car/1781/ORA-Funky-Cat-48-kWh,-0.6331382375718804,-1.3259558982444248,-0.8347136475999769,-1.0235902737062519,-0.5781780319004867,0.23531719832435224,-0.8347156290567865
0.28675676272958883,Audi Q4 e-tron 50 quattro,https://ev-database.org/car/1491/Audi-Q4-e-tron-50-quattro,0.1200373610266386,-0.01177580726682459,-0.2758295234728179,0.14282052185670913,-0.025411888004124614,-0.43701765403093973,-0.27583664111104594
0.23773851269034282,Hongqi E-HS9 84 kWh,https://ev-database.org/car/1746/Hongqi-E-HS9-84-kWh,1.3753300253575036,-0.4780977750330698,-0.2758295234728179,-0.46371309183603066,0.5273542558922374,-0.43701765403093973,-0.27583664111104594
1.7573042639069687,Polestar 3 Long Range Dual motor,https://ev-database.org/car/1758/Polestar-3-Long-Range-Dual-motor,0.7163013765837994,0.3697603481782852,0.7097516709131894,1.1226055901295964,0.8037373278404185,-0.7731850802085857,0.7097540065500236
-0.05637098754513318,MG Marvel R Performance,https://ev-database.org/car/1475/MG-Marvel-R-Performance,0.15141967763491024,-0.7324552119964763,-0.46112800312995084,-0.18377450090091998,0.5273542558922374,-0.7731850802085857,-0.4611303348656994
-1.085754238369299,MG ZS EV Standard Range,https://ev-database.org/car/1540/MG-ZS-EV-Standard-Range,-0.3193150714891641,-1.2835629920838572,-0.9903743327958212,-0.9769338418837336,-0.16360342397821512,0.5714846245019982,-0.9903761683030728
0.28675676272958883,CUPRA Tavascan VZ,https://ev-database.org/car/1972/CUPRA-Tavascan-VZ,-0.5076089711387939,0.3697603481782852,-0.2758295234728179,0.5627284082593751,-0.025411888004124614,-0.43701765403093973,-0.27583664111104594
-0.35048048778060914,Toyota bZ4X AWD,https://ev-database.org/car/1565/Toyota-bZ4X-AWD,0.2455666274597251,-0.35091905655136657,-0.26188232607927026,-0.510369523658549,-0.5781780319004867,-0.10085022785329374,-0.26188484463045286
0.8749757632005408,Audi Q8 e-tron 50 quattro,https://ev-database.org/car/1769/Audi-Q8-e-tron-50-quattro,0.43386052710935485,0.45454616049942065,0.26767532495699176,0.5160719764368566,0.5273542558922374,-0.43701765403093973,0.26767807509057046
-0.3994987378198552,Nissan Ariya 63kWh,https://ev-database.org/car/1301/Nissan-Ariya-63kWh,-0.22516812166434927,-0.4357048688725021,-0.5700904827670418,-0.32374379636847533,-0.5781780319004867,0.23531719832435224,-0.5700927123380998
-0.8406629881730692,Kia EV6 Standard Range 2WD,https://ev-database.org/car/1480/Kia-EV6-Standard-Range-2WD,-0.5703736043553371,0.8360823159445304,-0.5856565512866262,-0.603682387303586,0.1127796479699659,0.23531719832435224,-0.5856587662627284
2.296505014338675,Lucid Air Dream Edition P,https://ev-database.org/car/1098/Lucid-Air-Dream-Edition-P,-0.5703736043553371,1.21761847138964,4.738250203781638,2.755580703917742,2.462035759529505,-1.4455199325638777,4.738248762243914
1.7573042639069687,Volvo EX90 Twin Motor,https://ev-database.org/car/1775/Volvo-EX90-Twin-Motor,1.092889175883059,0.24258162969658192,1.2374413937271012,0.8893234310170042,-0.025411888004124614,-0.43701765403093973,1.2374432345949342
-0.2524439877021172,Mercedes EQA 250,https://ev-database.org/car/1984/Mercedes-EQA-250,-0.9783437202628682,0.11540291121487867,-0.4677591483192938,0.3294462491467829,-0.5781780319004867,0.5714846245019982,-0.4677603207965597
0.9239940132397868,Mercedes EQV 300 Long,https://ev-database.org/car/1240/Mercedes-EQV-300-Long,2.9758281723793565,-1.0292055551204506,0.1813147768103374,-0.5570259554810676,-0.5781780319004867,1.5799869030349363,0.18131530183466793
-0.05637098754513318,NIO ET7 75 kWh,https://ev-database.org/car/1751/NIO-ET7-75-kWh,-0.6017559209636087,-0.05416871342739234,0.501166352750758,0.28278981732426445,0.5273542558922374,-1.1093525063862317,0.5011688839599999
0.9730122632790328,Ford Mustang Mach-E ER AWD,https://ev-database.org/car/2037/Ford-Mustang-Mach-E-ER-AWD,0.27694894406799675,-0.6900623058359086,0.0030521601240566056,0.7026977037269304,-0.025411888004124614,-0.43701765403093973,0.0030551583718837266
-0.9386994882515611,Volkswagen ID.4 Pure,https://ev-database.org/car/2027/Volkswagen-ID4-Pure,-0.413462021313979,-0.8172410243176118,-0.7928409232822948,-0.7903081145936598,-0.5781780319004867,0.5714846245019982,-0.7928314135892209
2.541596264534905,VinFast VF 9 Extended Range,https://ev-database.org/car/1811/VinFast-VF-9-Extended-Range,1.3125653921409604,-0.13895452574852785,0.7467989139898003,1.402544181064707,0.5273542558922374,-0.43701765403093973,0.7467954496854825
0.9239940132397868,NIO ET5 100 kWh,https://ev-database.org/car/1787/NIO-ET5-100-kWh,-0.47622665453052226,-0.13895452574852785,0.0839957164258956,1.2159184537746333,0.5273542558922374,-1.1093525063862317,0.08399863877995262
0.28675676272958883,Skoda Enyaq 85x,https://ev-database.org/car/2021/Skoda-Enyaq-85x,-0.6331382375718804,0.45454616049942065,-0.4561468612036838,0.656041271904412,-0.025411888004124614,-0.10085022785329374,-0.45614343240466093
1.0710487633575247,XPENG G9 RWD Long Range,https://ev-database.org/car/1825/XPENG-G9-RWD-Long-Range,-0.162403488447806,1.9806907822798596,-0.2758295234728179,1.1226055901295964,0.5273542558922374,-0.43701765403093973,-0.27583664111104594
0.3847932628080808,Volvo C40 Recharge Twin Motor,https://ev-database.org/car/1801/Volvo-C40-Recharge-Twin-Motor,0.08865504441836698,0.20018872353601416,-0.13704245655220318,0.28278981732426445,-0.025411888004124614,-0.7731850802085857,-0.13703932694977397
0.18872026265109682,Fisker Ocean Sport,https://ev-database.org/car/1709/Fisker-Ocean-Sport,0.057272727810095354,-0.30852615039079884,-0.7547040554093131,0.09616409003419067,-0.5781780319004867,-0.10085022785329374,-0.7546945814738808
1.2181035134752627,Mercedes EQE SUV 500 4MATIC,https://ev-database.org/car/2048/Mercedes-EQE-SUV-500-4MATIC,0.4966251603258981,0.3273674420177174,1.0597080233704863,0.7960105673719673,0.8037373278404185,-0.7731850802085857,1.0597019595963044
-1.085754238369299,Mini Cooper SE,https://ev-database.org/car/1998/Mini-Cooper-SE,-1.166637619912498,-0.4780977750330698,-0.8997798140118398,-0.5570259554810676,-0.30179495995230565,-0.10085022785329374,-0.899775969256577
0.09068376257260481,Ford Mustang Mach-E SR RWD,https://ev-database.org/car/2034/Ford-Mustang-Mach-E-SR-RWD,-0.13102117183953438,-0.39331196271193436,-0.3113824239715487,0.09616409003419067,-0.025411888004124614,-0.10085022785329374,-0.31137913090561464
0.3847932628080808,Volvo C40 Recharge Single Motor ER,https://ev-database.org/car/1800/Volvo-C40-Recharge-Single-Motor-ER,-0.22516812166434927,0.3273674420177174,-0.35341080897442667,0.4694155446143382,-0.025411888004124614,-0.10085022785329374,-0.35340747650211196
0.6789027630435568,Jaguar I-Pace EV400,https://ev-database.org/car/1812/Jaguar-I-Pace-EV400,0.8732129596251575,-0.8172410243176118,0.828053791662031,0.09616409003419067,0.5273542558922374,-0.7731850802085857,0.8280560163772013
0.28675676272958883,Skoda Enyaq Coupe RS,https://ev-database.org/car/2026/Skoda-Enyaq-Coupe-RS,-0.8214321372215101,0.5393319728205561,-0.07789139617778239,0.7960105673719673,-0.025411888004124614,-0.43701765403093973,-0.07788832203618516
0.5808662629650648,XPENG P7 Wing Edition,https://ev-database.org/car/1823/XPENG-P7-Wing-Edition,-0.5389912877470655,0.4121532543388529,-0.2758295234728179,0.8893234310170042,0.5273542558922374,-1.1093525063862317,-0.27583664111104594
1.7082860138677227,Fisker Ocean Extreme,https://ev-database.org/car/1711/Fisker-Ocean-Extreme,0.18280199424318186,0.3273674420177174,0.12913731513269042,1.495857044709744,0.665545791866328,-1.1093525063862317,0.12914019516137565
0.8749757632005408,Mercedes EQE 300,https://ev-database.org/car/1897/Mercedes-EQE-300,-0.7900498206132385,0.45454616049942065,0.043119220493466906,1.4492006128872255,0.8037373278404185,-0.10085022785329374,0.04312333421490928
-2.115137489193465,Honda e Advance,https://ev-database.org/car/1233/Honda-e-Advance,-0.8528144538297817,-1.5803133352078313,-0.8063834028943333,-1.863406046511584,-0.9927526398227582,0.23531719832435224,-0.8063796457088052
1.8553407639854607,Lotus Eletre R,https://ev-database.org/car/1768/Lotus-Eletre-R,1.4067123419657752,1.6839404391558854,2.6520857007869334,0.7960105673719673,2.1856526875813236,-1.4455199325638777,2.6520804500600272
-0.44851698785910116,Smart #3 Brabus,https://ev-database.org/car/2000/Smart-3-Brabus,-0.22516812166434927,-0.18134743190909558,-0.46112800312995084,-0.3704002281909938,-0.025411888004124614,-1.1093525063862317,-0.4611303348656994
-0.9877177382908071,Peugeot e-308 SW,https://ev-database.org/car/1745/Peugeot-e-308-SW,-0.8214321372215101,-0.4357048688725021,-0.6237934191596081,-0.6503388191261045,-0.8545611038486677,0.5714846245019982,-0.6237955983780685
0.8749757632005408,Mercedes EQE SUV 350 4MATIC,https://ev-database.org/car/1761/Mercedes-EQE-SUV-350-4MATIC,0.43386052710935485,-0.05416871342739234,-0.2758295234728179,0.5160719764368566,0.8037373278404185,-0.10085022785329374,-0.27583664111104594
1.8063225139462147,Mercedes EQS SUV 450+,https://ev-database.org/car/1673/Mercedes-EQS-SUV-450plus,0.6849190599755278,0.8360823159445304,1.4009162453197768,1.2159184537746333,0.8037373278404185,-0.10085022785329374,1.4009156268293212
-1.2818272385262832,BYD DOLPHIN 44.9 kWh Boost,https://ev-database.org/car/1918/BYD-DOLPHIN-449-kWh-Boost,-0.6017559209636087,-1.2411700859232893,-1.0292895040947823,-1.0702467055287703,-0.5781780319004867,0.23531719832435224,-1.0292913031146445
-1.134772488408545,Opel Corsa Electric 51 kWh,https://ev-database.org/car/1942/Opel-Corsa-Electric-51-kWh,-1.323549202953856,-0.2661332442302311,-0.8641335171019915,-0.510369523658549,-0.8545611038486677,0.23531719832435224,-0.8641181753588628
-0.7426264880945771,SsangYong Korando e-Motion,https://ev-database.org/car/1589/SsangYong-Korando-e-Motion,-0.06825653862299114,-0.9444197427993151,-0.7880154420412236,-0.7436516827711414,-0.6887312606797591,0.23531719832435224,-0.7880174672829007
0.28675676272958883,Volkswagen ID.4 Pro 4MOTION,https://ev-database.org/car/2029/Volkswagen-ID4-Pro-4MOTION,-0.44484433792225064,0.3273674420177174,-0.5224583130971134,0.5160719764368566,-0.025411888004124614,-0.10085022785329374,-0.5224432917132643
-0.2524439877021172,Mercedes EQA 350 4MATIC,https://ev-database.org/car/1496/Mercedes-EQA-350-4MATIC,-0.162403488447806,-0.22374033806966334,-0.2758295234728179,-0.18377450090091998,-0.5781780319004867,-0.43701765403093973,-0.27583664111104594
-1.5269184887225131,Renault Megane E-Tech EV40 130hp,https://ev-database.org/car/1536/Renault-Megane-E-Tech-EV40-130hp,-1.2921668863455844,-0.7748481181570441,-0.7410059151120787,-1.0235902737062519,-0.8545611038486677,0.9076520506796443,-0.7410022192253649
-1.183790738447791,Smart #1 Pro,https://ev-database.org/car/2041/Smart-1-Pro,-0.3506973880974358,-0.9444197427993151,-0.8814118531587303,-1.0702467055287703,-0.025411888004124614,-0.10085022785329374,-0.8814137908306724
-0.9877177382908071,Citroen e-C4 54 kWh,https://ev-database.org/car/1938/Citroen-e-C4-54-kWh,-1.2921668863455844,-0.35091905655136657,-0.7553266981500965,-0.3704002281909938,-0.8545611038486677,0.9076520506796443,-0.7553287540411805
1.0220305133182788,Lucid Air Touring,https://ev-database.org/car/1317/Lucid-Air-Touring,-1.1352553033042263,1.768726251477021,1.9674900072956105,1.9624213629349285,1.9092696156331426,-1.4455199325638777,1.9674911636600172
0.28675676272958883,CUPRA Tavascan Endurance,https://ev-database.org/car/1971/CUPRA-Tavascan-Endurance,-0.7586675040049669,0.49693906665998844,-0.2758295234728179,0.7493541355494489,-0.025411888004124614,-0.10085022785329374,-0.27583664111104594
1.7573042639069687,Volvo EX90 Twin Motor Performance,https://ev-database.org/car/1776/Volvo-EX90-Twin-Motor-Performance,1.343947708749232,0.1577958173754464,1.3962152926268623,0.7493541355494489,-0.025411888004124614,-0.7731850802085857,1.3962169846261463
-1.232808988487037,Peugeot e-2008 50 kWh,https://ev-database.org/car/1946/Peugeot-e-2008-50-kWh,-0.7586675040049669,-0.5204906811936376,-0.2758295234728179,-0.9302774100612151,-0.8545611038486677,0.9076520506796443,-0.27583664111104594
0.28675676272958883,Volkswagen ID.4 GTX,https://ev-database.org/car/2030/Volkswagen-ID4-GTX,-0.3820797047057074,0.3273674420177174,-0.3906137127362334,0.4694155446143382,-0.025411888004124614,-0.7731850802085857,-0.3906218757922889
-0.2524439877021172,Mercedes EQA 350 4MATIC,https://ev-database.org/car/1987/Mercedes-EQA-350-4MATIC,-0.25655043827262086,-0.18134743190909558,-0.2919559704591074,-0.13711806907840154,-0.5781780319004867,-0.43701765403093973,-0.2919503895256152
0.28675676272958883,Skoda Enyaq Coupe 85x,https://ev-database.org/car/2025/Skoda-Enyaq-Coupe-85x,-0.9783437202628682,0.6241177851416917,-0.3860995528655539,0.9359798628395226,-0.025411888004124614,-0.10085022785329374,-0.3860961897438321
-0.05637098754513318,Mercedes EQA 250+,https://ev-database.org/car/1985/Mercedes-EQA-250plus,-0.9783437202628682,0.20018872353601416,-0.4233024566273607,0.5627284082593751,-0.5781780319004867,0.5714846245019982,-0.42331058903400903
0.1397020126118508,Genesis GV60 Premium,https://ev-database.org/car/1647/Genesis-GV60-Premium,-0.162403488447806,1.9806907822798596,-0.2758295234728179,0.18947695367922757,0.1127796479699659,0.23531719832435224,-0.27583664111104594
1.8063225139462147,Mercedes EQS 580 4MATIC,https://ev-database.org/car/2011/Mercedes-EQS-580-4MATIC,-0.3506973880974358,1.3871900960319112,2.3630238083782507,2.055734226579965,0.8037373278404185,-1.1093525063862317,2.3630130634745163
-1.2818272385262832,Renault Kangoo E-Tech Electric,https://ev-database.org/car/1802/Renault-Kangoo-E-Tech-Electric,0.30833126067626837,-1.3683488044049925,-0.8250626851178346,-1.3968417282863996,-1.3520506333553937,1.9161543292125822,-0.8250589104183595
-1.134772488408545,Peugeot e-208 51 kWh,https://ev-database.org/car/1949/Peugeot-e-208-51-kWh,-1.2607845697373128,-0.30852615039079884,-0.9036713311417359,-0.5570259554810676,-0.8545611038486677,0.23531719832435224,-0.9036674827377341
-0.5465534879375932,Aiways U5,https://ev-database.org/car/1678/Aiways-U5,-0.162403488447806,-0.7324552119964763,-0.8168749330765332,-0.510369523658549,-0.8545611038486677,0.23531719832435224,-0.8168723190950363
-1.134772488408545,Hyundai Kona Electric 48 kWh,https://ev-database.org/car/1829/Hyundai-Kona-Electric-48-kWh,-0.8841967704380533,-1.156384273602154,-0.7413172364824704,-0.7436516827711414,-0.5781780319004867,0.23531719832435224,-0.7413193055090147
0.28675676272958883,Audi Q4 e-tron 55 quattro,https://ev-database.org/car/2015/Audi-Q4-e-tron-55-quattro,-0.005491905406447891,0.1577958173754464,-0.2117595854462084,0.236133385501746,-0.025411888004124614,-0.7731850802085857,-0.2117563857879914
1.0710487633575247,XPENG G9 AWD Performance,https://ev-database.org/car/1826/XPENG-G9-AWD-Performance,0.025890411201823733,1.8535120637981564,-0.2758295234728179,0.982636294662041,0.5273542558922374,-1.1093525063862317,-0.27583664111104594
0.28675676272958883,Audi Q4 Sportback e-tron 40,https://ev-database.org/car/1528/Audi-Q4-Sportback-e-tron-40,-0.47622665453052226,0.45454616049942065,-0.2758295234728179,0.5160719764368566,-0.5781780319004867,0.23531719832435224,-0.27583664111104594
0.9239940132397868,NIO ET7 100 kWh,https://ev-database.org/car/1752/NIO-ET7-100-kWh,-0.5389912877470655,-0.09656161958796008,0.7813555861032777,1.2625748855971517,0.5273542558922374,-1.1093525063862317,0.7813578546033153
-0.2524439877021172,Mercedes EQA 300 4MATIC,https://ev-database.org/car/1495/Mercedes-EQA-300-4MATIC,-0.162403488447806,-0.22374033806966334,-0.2758295234728179,-0.18377450090091998,-0.5781780319004867,0.23531719832435224,-0.27583664111104594
0.28675676272958883,Audi Q4 Sportback e-tron 45,https://ev-database.org/car/2016/Audi-Q4-Sportback-e-tron-45,-0.5703736043553371,0.4121532543388529,-0.33784474045484225,0.6093848400818935,-0.025411888004124614,-0.10085022785329374,-0.33784142257748334
0.9730122632790328,Mercedes EQE SUV 500 4MATIC,https://ev-database.org/car/1762/Mercedes-EQE-SUV-500-4MATIC,0.40247821050108323,0.4121532543388529,-0.2758295234728179,0.6093848400818935,0.8037373278404185,-0.7731850802085857,-0.27583664111104594
-0.35048048778060914,Kia e-Soul 64 kWh,https://ev-database.org/car/1749/Kia-e-Soul-64-kWh,-0.6959028707884236,-0.8596339304781796,-0.586901836768193,0.002851226389153787,-0.38470988153675995,0.23531719832435224,-0.5868982853715414
1.5122130137107388,BMW i7 eDrive50,https://ev-database.org/car/1905/BMW-i7-eDrive50,0.025890411201823733,0.9632610344262337,1.553432584674665,1.402544181064707,0.665545791866328,-0.43701765403093973,1.5534341292648954
1.7082860138677227,Audi SQ8 e-tron,https://ev-database.org/car/1773/Audi-SQ8-e-tron,1.1870361257078739,0.0730100050543109,0.933903057595205,0.7960105673719673,0.8037373278404185,-1.1093525063862317,0.933905183064676
0.6298845130043108,Porsche Taycan GTS,https://ev-database.org/car/1560/Porsche-Taycan-GTS,-0.2879327548808925,2.3622269377249694,2.307017093844786,0.7493541355494489,1.9092696156331426,-1.1093525063862317,2.3070040953716395
0.5808662629650648,XPENG P7 RWD Long Range,https://ev-database.org/car/1821/XPENG-P7-RWD-Long-Range,-0.8841967704380533,0.5817248789811239,-0.2758295234728179,1.1692620219521148,0.5273542558922374,-0.10085022785329374,-0.27583664111104594
0.6298845130043108,Porsche Taycan Plus,https://ev-database.org/car/1924/Porsche-Taycan-Plus,-0.6959028707884236,2.7013701870095113,1.0292607933461793,1.075949158307078,1.3565034717367805,-0.7731850802085857,1.0292616763659195
1.5122130137107388,BMW i7 M70 xDrive,https://ev-database.org/car/1838/BMW-i7-M70-xDrive,0.40247821050108323,0.751296503623395,3.6112668429637256,1.1226055901295964,1.9092696156331426,-1.1093525063862317,3.611266458100801
-0.9877177382908071,Opel Astra Sports Tourer Electric,https://ev-database.org/car/1793/Opel-Astra-Sports-Tourer-Electric,-0.8214321372215101,-0.30852615039079884,-0.6946190309237171,-0.6503388191261045,-0.30179495995230565,0.5714846245019982,-0.6946211437351288
-0.2524439877021172,Volvo C40 Recharge Single Motor,https://ev-database.org/car/1799/Volvo-C40-Recharge-Single-Motor,-0.2879327548808925,-0.5204906811936376,-0.5697791613966501,-0.13711806907840154,-0.025411888004124614,-0.10085022785329374,-0.56977562605445
1.0220305133182788,Lucid Air Pure AWD,https://ev-database.org/car/1318/Lucid-Air-Pure-AWD,-1.2294022531290412,1.8535120637981564,1.3448472665122337,2.055734226579965,0.5273542558922374,-1.1093525063862317,1.344849006674872
0.28675676272958883,Volkswagen ID.5 GTX,https://ev-database.org/car/2033/Volkswagen-ID5-GTX,-0.5076089711387939,0.3697603481782852,-0.2909908742108931,0.5627284082593751,-0.025411888004124614,-0.43701765403093973,-0.2909991306746657
0.5808662629650648,Maserati GranTurismo Folgore,https://ev-database.org/car/1803/Maserati-GranTurismo-Folgore,-0.005491905406447891,1.8535120637981564,-0.2758295234728179,0.5160719764368566,3.8439511192704097,-1.4455199325638777,-0.27583664111104594
-0.30146223774136316,Mini Countryman E,https://ev-database.org/car/1994/Mini-Countryman-E,-0.7900498206132385,-0.01177580726682459,-0.2758295234728179,0.09616409003419067,-0.30179495995230565,0.5714846245019982,-0.27583664111104594
-2.458265239468187,Fiat 500e Hatchback 24 kWh,https://ev-database.org/car/1327/Fiat-500e-Hatchback-24-kWh,-1.166637619912498,-1.3683488044049925,-1.0837707439133277,-2.190001069269213,-1.2691357117709392,0.5714846245019982,-1.0837724918508447
-1.232808988487037,Opel Corsa Electric 50 kWh,https://ev-database.org/car/1941/Opel-Corsa-Electric-50-kWh,-1.1980199365207695,-0.35091905655136657,-0.9698271223499697,-0.6969952509486229,-0.8545611038486677,0.5714846245019982,-0.9698232119174058
1.7573042639069687,Polestar 3 Long Range Performance,https://ev-database.org/car/1759/Polestar-3-Long-Range-Performance,1.0301245426665158,0.24258162969658192,0.9152237753717037,0.9359798628395226,0.8037373278404185,-0.7731850802085857,0.9152259183551216
-1.232808988487037,Citroen e-Berlingo M 50 kWh,https://ev-database.org/car/1546/Citroen-e-Berlingo-M-50-kWh,0.9673599094499724,-0.9444197427993151,-0.8720722120469796,-1.536811023753955,-1.2691357117709392,1.5799869030349363,-0.8720741584758953
0.9239940132397868,Mercedes eVito Tourer Long 90 kWh,https://ev-database.org/car/1615/Mercedes-eVito-Tourer-Long-90-kWh,2.9758281723793565,-1.0292055551204506,-0.04837813026465032,-0.5570259554810676,-0.5781780319004867,1.5799869030349363,-0.04837047163096346
0.7769392631220488,Nissan Ariya e-4ORCE 87kWh - 225 kW,https://ev-database.org/car/1304/Nissan-Ariya-e-4ORCE-87kWh---225-kW,0.6221544267589846,-0.30852615039079884,-0.11867449569909357,0.3294462491467829,0.5273542558922374,-0.43701765403093973,-0.11867714852386944
0.9239940132397868,NIO EL6 100 kWh,https://ev-database.org/car/1922/NIO-EL6-100-kWh,0.30833126067626837,-0.39331196271193436,0.27078853866090863,0.656041271904412,0.5273542558922374,-1.1093525063862317,0.2707912858754962
-0.9877177382908071,Citroen e-C4 X 54 kWh,https://ev-database.org/car/1939/Citroen-e-C4-X-54-kWh,-1.2921668863455844,-0.35091905655136657,-0.7553266981500965,-0.3704002281909938,-0.8545611038486677,0.9076520506796443,-0.7553287540411805
-0.9877177382908071,DS 3 E-Tense,https://ev-database.org/car/1791/DS-3-E-Tense,-0.8214321372215101,-0.30852615039079884,-0.7864588351892653,-0.6503388191261045,-0.8545611038486677,0.5714846245019982,-0.7864608618904377
1.8063225139462147,Mercedes EQS 450 4MATIC,https://ev-database.org/car/2009/Mercedes-EQS-450-4MATIC,-0.5389912877470655,1.5143688145136145,1.4805522518659706,2.242359953870039,0.8037373278404185,-0.43701765403093973,1.4805619360770044
-0.9877177382908071,Seres 3,https://ev-database.org/car/1804/Seres-3,0.025890411201823733,-1.3259558982444248,-0.2758295234728179,-1.0235902737062519,-0.7163695678745772,0.5714846245019982,-0.27583664111104594
-1.232808988487037,MG MG5 Electric Standard Range,https://ev-database.org/car/1646/MG-MG5-Electric-Standard-Range,-0.664520554180152,-0.9868126489598829,-0.943676127237068,-0.9769338418837336,0.1127796479699659,0.23531719832435224,-0.943678006529187
1.2181035134752627,Mercedes EQE SUV 350+,https://ev-database.org/car/2046/Mercedes-EQE-SUV-350plus,0.21418431085145348,0.45454616049942065,0.6540562777501163,0.982636294662041,0.8037373278404185,-0.10085022785329374,0.6540621247307967
0.8749757632005408,Mercedes EQE 350 4MATIC,https://ev-database.org/car/1899/Mercedes-EQE-350-4MATIC,-0.6017559209636087,0.3697603481782852,0.2598611585601604,1.2625748855971517,0.8037373278404185,-0.43701765403093973,0.2598662221024698
0.6298845130043108,Porsche Taycan Turbo S,https://ev-database.org/car/1928/Porsche-Taycan-Turbo-S,-0.005491905406447891,2.1502624069221308,4.107513107368077,0.5627284082593751,2.1856526875813236,-1.4455199325638777,4.107506492012805
-1.232808988487037,Peugeot e-Rifter Long 50 kWh,https://ev-database.org/car/1523/Peugeot-e-Rifter-Long-50-kWh,1.1556538090996022,-0.9868126489598829,-0.7273077748148444,-1.5834674555764734,-1.2691357117709392,1.5799869030349363,-0.727309856976849
0.9239940132397868,NIO EL7 100 kWh,https://ev-database.org/car/1789/NIO-EL7-100-kWh,0.43386052710935485,-0.4357048688725021,0.9058841342599531,0.5627284082593751,0.5273542558922374,-1.1093525063862317,0.9058862860003444
0.9730122632790328,Ford Mustang Mach-E GT,https://ev-database.org/car/2038/Ford-Mustang-Mach-E-GT,0.590772110150713,-0.7324552119964763,0.3579585223705814,0.5160719764368566,0.5273542558922374,-1.1093525063862317,0.3579611878534166
-0.30146223774136316,Mini Countryman SE ALL4,https://ev-database.org/car/1995/Mini-Countryman-SE-ALL4,-0.6331382375718804,-0.09656161958796008,-0.2758295234728179,0.002851226389153787,-0.025411888004124614,-0.43701765403093973,-0.27583664111104594
-0.35048048778060914,Zeekr X Long Range RWD,https://ev-database.org/car/1936/Zeekr-X-Long-Range-RWD,-0.5389912877470655,-0.05416871342739234,-0.6174113310665784,-0.0904616372558831,-0.025411888004124614,-0.43701765403093973,-0.617396220653499
1.1690852634360167,Maserati Grecale Folgore,https://ev-database.org/car/1843/Maserati-Grecale-Folgore,1.249800758924417,-0.4780977750330698,-0.2758295234728179,0.3294462491467829,1.0801203997885995,-1.1093525063862317,-0.27583664111104594
1.1200670133967707,Zeekr 001 Privilege AWD,https://ev-database.org/car/1935/Zeekr-001-Privilege-AWD,-0.22516812166434927,0.6241177851416917,0.09862782083430495,1.2159184537746333,0.5273542558922374,-1.1093525063862317,0.09864225987941808
0.9239940132397868,NIO ET5 Touring 100 kWh,https://ev-database.org/car/1916/NIO-ET5-Touring-100-kWh,-0.2879327548808925,-0.22374033806966334,0.0839957164258956,1.075949158307078,0.5273542558922374,-1.1093525063862317,0.08399863877995262
0.3847932628080808,Polestar 2 Long Range Performance,https://ev-database.org/car/1820/Polestar-2-Long-Range-Performance,-0.6017559209636087,0.49693906665998844,-0.01640542552542392,0.7493541355494489,0.665545791866328,-1.1093525063862317,-0.016402409033902065
-0.2524439877021172,Mercedes EQB 300 4MATIC,https://ev-database.org/car/1989/Mercedes-EQB-300-4MATIC,-0.06825653862299114,-0.22374033806966334,-0.32013055447955513,-0.23043093272343843,-0.5781780319004867,0.23531719832435224,-0.3201134167188785
1.4631947636714928,Volvo EX90 Single Motor,https://ev-database.org/car/1950/Volvo-EX90-Single-Motor,0.7790660098003427,0.20018872353601416,-0.2758295234728179,0.8426669991944857,-0.025411888004124614,0.23531719832435224,-0.27583664111104594
-1.2818272385262832,Nissan Townstar EV Passenger,https://ev-database.org/car/2042/Nissan-Townstar-EV-Passenger,0.15141967763491024,-1.3683488044049925,-0.8035815105608081,-1.350185296463881,-1.3520506333553937,1.9161543292125822,-0.8035835212075293
-0.5955717379768392,ORA Funky Cat 63 kWh,https://ev-database.org/car/1814/ORA-Funky-Cat-63-kWh,-0.664520554180152,-1.3259558982444248,-0.6634868938845483,-0.2770873645459569,-0.5781780319004867,0.23531719832435224,-0.6634890358858716
0.8749757632005408,Mercedes EQE 350,https://ev-database.org/car/1898/Mercedes-EQE-350,-0.6959028707884236,0.4121532543388529,0.16167039833862187,1.3558877492421886,0.8037373278404185,-0.43701765403093973,0.16168477827416403
0.8749757632005408,Audi Q8 e-tron Sportback 50 quattro,https://ev-database.org/car/1771/Audi-Q8-e-tron-Sportback-50-quattro,0.15141967763491024,0.5817248789811239,0.33772263329512164,0.7026977037269304,0.5273542558922374,-0.43701765403093973,0.3377253177513993
-1.673973238840251,Fiat 500e 3+1 42 kWh,https://ev-database.org/car/1328/Fiat-500e-3plus1-42-kWh,-1.1352553033042263,-0.6900623058359086,-0.8969779216783147,-1.256872432818844,-0.8545611038486677,0.5714846245019982,-0.8969798447553011
0.28675676272958883,Audi Q4 e-tron 45 quattro,https://ev-database.org/car/2014/Audi-Q4-e-tron-45-quattro,-0.005491905406447891,0.1577958173754464,-0.33784474045484225,0.236133385501746,-0.025411888004124614,-0.10085022785329374,-0.33784142257748334
-0.05637098754513318,NIO ET5 75 kWh,https://ev-database.org/car/1786/NIO-ET5-75-kWh,-0.5389912877470655,-0.09656161958796008,-0.19619351692662398,0.236133385501746,0.5273542558922374,-1.1093525063862317,-0.19619033186336277
-1.673973238840251,Mini Cooper E,https://ev-database.org/car/1997/Mini-Cooper-E,-1.1980199365207695,-0.8172410243176118,-0.2758295234728179,-1.256872432818844,-0.5781780319004867,-0.10085022785329374,-0.27583664111104594
0.1397020126118508,Genesis GV70 Electrified Sport,https://ev-database.org/car/1725/Genesis-GV70-Electrified-Sport,0.4966251603258981,1.3024042837107757,0.04663715197889298,-0.18377450090091998,1.494695007710871,-1.1093525063862317,0.046640109360843895
-0.2524439877021172,Mercedes EQB 350 4MATIC,https://ev-database.org/car/1990/Mercedes-EQB-350-4MATIC,-0.06825653862299114,-0.22374033806966334,-0.236758691488661,-0.23043093272343843,-0.5781780319004867,-0.43701765403093973,-0.23674855014475626
0.09068376257260481,Peugeot e-3008 73 kWh Dual Motor,https://ev-database.org/car/2004/Peugeot-e-3008-73-kWh-Dual-Motor,-0.162403488447806,-0.4780977750330698,-0.2758295234728179,0.14282052185670913,-0.025411888004124614,-0.43701765403093973,-0.27583664111104594
1.8063225139462147,Mercedes EQS AMG 53 4MATIC+,https://ev-database.org/car/2012/Mercedes-EQS-AMG-53-4MATICplus,0.2455666274597251,1.0480468467473691,2.777205759547353,1.5425134765322623,1.9092696156331426,-1.4455199325638777,2.7772142279985697
-0.05637098754513318,NIO ET5 Touring 75 kWh,https://ev-database.org/car/1915/NIO-ET5-Touring-75-kWh,-0.3820797047057074,-0.13895452574852785,-0.19619351692662398,0.14282052185670913,0.5273542558922374,-1.1093525063862317,-0.19619033186336277
0.9730122632790328,Mercedes EQE SUV 350 4MATIC,https://ev-database.org/car/2047/Mercedes-EQE-SUV-350-4MATIC,0.40247821050108323,-0.01177580726682459,0.7392649368263214,0.6093848400818935,0.8037373278404185,-0.10085022785329374,0.7392718569552453
0.28675676272958883,Audi Q4 Sportback e-tron 55 quattro,https://ev-database.org/car/2018/Audi-Q4-Sportback-e-tron-55-quattro,-0.2879327548808925,0.28497453585714966,-0.14949531136787073,0.42275911279181977,-0.025411888004124614,-0.7731850802085857,-0.14949217008947688
0.28675676272958883,Skoda Enyaq RS,https://ev-database.org/car/2022/Skoda-Enyaq-RS,-0.5703736043553371,0.4121532543388529,-0.1479387045159123,0.6093848400818935,-0.025411888004124614,-0.43701765403093973,-0.14793556469701402
0.5318480129258188,Genesis G80 Electrified Luxury,https://ev-database.org/car/1703/Genesis-G80-Electrified-Luxury,-0.22516812166434927,1.3871900960319112,0.10578821235331379,0.656041271904412,1.21831193576269,-0.7731850802085857,0.1057911142744327
-0.6445899880160851,CUPRA Born 170 kW - 58 kWh,https://ev-database.org/car/1517/CUPRA-Born-170-kW---58-kWh,-0.8528144538297817,-0.39331196271193436,-0.7799210864110397,-0.23043093272343843,-0.5781780319004867,-0.10085022785329374,-0.7799173540369365
-0.007352737505887178,Porsche Taycan,https://ev-database.org/car/1923/Porsche-Taycan,-0.8214321372215101,2.0230836884404275,0.8510604409339767,0.4694155446143382,1.3565034717367805,-0.7731850802085857,0.851059184954708
1.8063225139462147,Mercedes EQS SUV 500 4MATIC,https://ev-database.org/car/1795/Mercedes-EQS-SUV-500-4MATIC,0.8104483264086143,0.751296503623395,1.8287963367861133,1.1226055901295964,0.8037373278404185,-0.7731850802085857,1.8288091536018907
-1.232808988487037,Peugeot e-208 50 kWh,https://ev-database.org/car/1948/Peugeot-e-208-50-kWh,-1.1038729866959547,-0.39331196271193436,-0.2758295234728179,-0.7436516827711414,-0.8545611038486677,0.5714846245019982,-0.27583664111104594
-2.164155739232711,e.Go e.wave X,https://ev-database.org/car/1896/eGo-ewave-X,-0.47622665453052226,-0.13895452574852785,-1.2705635661483408,-2.0500317738016576,-1.2691357117709392,1.5799869030349363,-1.2705651389463883
-1.2818272385262832,Mercedes EQT 200 Standard,https://ev-database.org/car/1908/Mercedes-EQT-200-Standard,0.15141967763491024,-1.3683488044049925,-0.5092271548554667,-1.350185296463881,-1.3520506333553937,1.9161543292125822,-0.50921214587733
0.09068376257260481,Ford Mustang Mach-E SR AWD,https://ev-database.org/car/2036/Ford-Mustang-Mach-E-SR-AWD,0.3710958938928116,-0.5204906811936376,-0.2758295234728179,-0.18377450090091998,-0.025411888004124614,-0.43701765403093973,-0.27583664111104594
-0.35048048778060914,Lexus UX 300e,https://ev-database.org/car/1943/Lexus-UX-300e,-0.22516812166434927,-1.622706241368399,-0.2758295234728179,-0.2770873645459569,-0.5781780319004867,0.23531719832435224,-0.27583664111104594
1.8063225139462147,Mercedes EQS 500 4MATIC,https://ev-database.org/car/2010/Mercedes-EQS-500-4MATIC,-0.3506973880974358,1.3871900960319112,1.854729406939741,2.055734226579965,0.8037373278404185,-0.7731850802085857,1.8547237507838186
0.6298845130043108,Porsche Taycan 4S Plus,https://ev-database.org/car/1926/Porsche-Taycan-4S-Plus,-0.664520554180152,2.658977280848944,1.6898224770432637,1.0292927264845595,1.9092696156331426,-1.1093525063862317,1.6898100572601142
0.9730122632790328,Mercedes EQE 500 4MATIC,https://ev-database.org/car/1900/Mercedes-EQE-500-4MATIC,-0.5076089711387939,0.8360823159445304,0.6977657981531094,1.2625748855971517,0.8037373278404185,-0.7731850802085857,0.6977623798229023
0.6298845130043108,Porsche Taycan 4 Cross Turismo,https://ev-database.org/car/1929/Porsche-Taycan-4-Cross-Turismo,-0.162403488447806,2.235048219243266,1.1659620070851695,0.656041271904412,1.0801203997885995,-0.7731850802085857,1.165954690644788
0.4828297628865728,Elaris BEO 86 kWh,https://ev-database.org/car/1975/Elaris-BEO-86-kWh,0.40247821050108323,-1.113991367441586,-0.3957505153476963,0.18947695367922757,-0.8545611038486677,0.23531719832435224,-0.3957529083822591
1.8063225139462147,Mercedes EQS SUV 450 4MATIC,https://ev-database.org/car/1674/Mercedes-EQS-SUV-450-4MATIC,0.8104483264086143,0.751296503623395,1.5194674231649319,1.1226055901295964,0.8037373278404185,-0.43701765403093973,1.519477070888576
0.7769392631220488,Nissan Ariya e-4ORCE 87kWh - 290 kW,https://ev-database.org/car/1305/Nissan-Ariya-e-4ORCE-87kWh---290-kW,0.6221544267589846,-0.30852615039079884,0.17708080617301045,0.3294462491467829,0.5273542558922374,-0.7731850802085857,0.17707787604407457
-0.15440748762362516,Opel Vivaro-e Combi M 75 kWh,https://ev-database.org/car/1602/Opel-Vivaro-e-Combi-M-75-kWh,1.9402117243063928,-1.113991367441586,-0.2758295234728179,-0.9769338418837336,-1.4073272477450298,1.9161543292125822,-0.27583664111104594
0.28675676272958883,Audi Q4 Sportback e-tron 50 quattro,https://ev-database.org/car/1492/Audi-Q4-Sportback-e-tron-50-quattro,-0.09963885523126276,0.0730100050543109,-0.2758295234728179,0.28278981732426445,-0.025411888004124614,-0.43701765403093973,-0.27583664111104594
-0.5955717379768392,ORA Funky Cat GT,https://ev-database.org/car/1815/ORA-Funky-Cat-GT,-0.47622665453052226,-1.3683488044049925,-0.5078262086887041,-0.3704002281909938,-0.5781780319004867,0.23531719832435224,-0.5078284966395853
0.9730122632790328,Mercedes EQE SUV 300,https://ev-database.org/car/2045/Mercedes-EQE-SUV-300,0.18280199424318186,0.0730100050543109,0.5503239971356056,0.7493541355494489,0.8037373278404185,0.23531719832435224,0.5503172579257256
1.7082860138677227,Audi SQ8 e-tron Sportback,https://ev-database.org/car/1774/Audi-SQ8-e-tron-Sportback,0.8104483264086143,0.24258162969658192,1.0039503659333349,1.0292927264845595,0.8037373278404185,-1.1093525063862317,1.0039524257255048
0.28675676272958883,Audi Q4 Sportback e-tron 45 quattro,https://ev-database.org/car/2017/Audi-Q4-Sportback-e-tron-45-quattro,-0.2879327548808925,0.28497453585714966,-0.2755804663765045,0.42275911279181977,-0.025411888004124614,-0.10085022785329374,-0.2755772068789688
0.5808662629650648,XPENG P7 AWD Performance,https://ev-database.org/car/1822/XPENG-P7-AWD-Performance,-0.47622665453052226,0.3697603481782852,-0.2758295234728179,0.8426669991944857,0.5273542558922374,-1.1093525063862317,-0.27583664111104594
-0.44851698785910116,Smart #1 Pulse,https://ev-database.org/car/1920/Smart-1-Pulse,-0.036874222014719515,-0.2661332442302311,-0.6012226198062106,-0.46371309183603066,-0.025411888004124614,-1.1093525063862317,-0.601224820187357
-1.232808988487037,Toyota Proace City Verso Electric L1 50 kWh,https://ev-database.org/car/1779/Toyota-Proace-City-Verso-Electric-L1-50-kWh,0.7790660098003427,-0.9444197427993151,-0.8717608906765879,-1.4901545919314365,-1.2691357117709392,1.2438194768572903,-0.8717570721922454
-0.6445899880160851,Skoda Enyaq Coupe 60,https://ev-database.org/car/2023/Skoda-Enyaq-Coupe-60,-1.0097260368711398,-0.30852615039079884,-0.2758295234728179,-0.13711806907840154,-0.5781780319004867,0.5714846245019982,-0.27583664111104594
-1.673973238840251,Fiat 500e Cabrio 42 kWh,https://ev-database.org/car/1275/Fiat-500e-Cabrio-42-kWh,-1.0411083534794114,-0.7324552119964763,-0.8658457846391459,-1.3035288646413625,-0.8545611038486677,0.5714846245019982,-0.8658477369060438
0.9730122632790328,Mercedes EQE SUV AMG 43 4MATIC,https://ev-database.org/car/1763/Mercedes-EQE-SUV-AMG-43-4MATIC,0.7163013765837994,0.28497453585714966,1.8404708881758016,0.42275911279181977,0.8037373278404185,-1.1093525063862317,1.840483694045362
-0.15440748762362516,Toyota PROACE Verso M 75 kWh,https://ev-database.org/car/1514/Toyota-PROACE-Verso-M-75-kWh,1.9402117243063928,-1.113991367441586,-0.03959886761960471,-0.9769338418837336,-1.4073272477450298,1.9161543292125822,-0.039607359791913266
-1.232808988487037,Toyota Proace City Verso Electric L2 50 kWh,https://ev-database.org/car/1780/Toyota-Proace-City-Verso-Electric-L2-50-kWh,0.9673599094499724,-0.9444197427993151,-0.7986003686345411,-1.536811023753955,-1.2691357117709392,1.2438194768572903,-0.7985966187464908
-0.007352737505887178,Porsche Taycan 4S,https://ev-database.org/car/1925/Porsche-Taycan-4S,-0.7586675040049669,1.9806907822798596,1.5179108163129733,0.42275911279181977,1.9092696156331426,-1.1093525063862317,1.5179204654961131
0.8259575131612947,VinFast VF 8 Eco Extended Range,https://ev-database.org/car/1807/VinFast-VF-8-Eco-Extended-Range,0.33971357728454,-0.01177580726682459,-0.39886372905161316,0.5160719764368566,0.5273542558922374,-0.43701765403093973,-0.39886611916718484
0.9730122632790328,Mercedes EQE AMG 43 4MATIC,https://ev-database.org/car/1901/Mercedes-EQE-AMG-43-4MATIC,-0.005491905406447891,0.5817248789811239,1.2127224769180012,0.8893234310170042,0.8037373278404185,-1.1093525063862317,1.2127105044702466
-0.2524439877021172,Mercedes EQA 300 4MATIC,https://ev-database.org/car/1986/Mercedes-EQA-300-4MATIC,-0.25655043827262086,-0.18134743190909558,-0.38236369642085366,-0.13711806907840154,-0.5781780319004867,0.23531719832435224,-0.3823488063916067
-2.458265239468187,Fiat 500e 3+1 24 kWh,https://ev-database.org/car/1726/Fiat-500e-3plus1-24-kWh,-1.166637619912498,-1.3683488044049925,-0.2758295234728179,-2.190001069269213,-1.2691357117709392,0.5714846245019982,-0.27583664111104594
-1.232808988487037,Citroen e-SpaceTourer M 50 kWh,https://ev-database.org/car/1341/Citroen-e-SpaceTourer-M-50-kWh,1.7205355080484914,-1.113991367441586,-0.3786278399761534,-1.7234367510440287,-1.4073272477450298,1.5799869030349363,-0.3786302490651676
-1.624954988801005,Abarth 500e Hatchback,https://ev-database.org/car/1903/Abarth-500e-Hatchback,-0.8528144538297817,-0.7748481181570441,-0.8658457846391459,-1.350185296463881,-0.7163695678745772,-0.10085022785329374,-0.8658477369060438
0.9730122632790328,Mercedes EQE SUV AMG 53 4MATIC+,https://ev-database.org/car/1764/Mercedes-EQE-SUV-AMG-53-4MATICplus,0.8104483264086143,0.24258162969658192,2.292447253710455,0.37610268096930133,1.6328865436849616,-1.1093525063862317,2.292446952349533
-0.15440748762362516,Opel Zafira-e Life L 75 kWh,https://ev-database.org/car/1349/Opel-Zafira-e-Life-L-75-kWh,2.097123307347751,-1.156384273602154,0.13302883226258652,-1.0235902737062519,-1.4073272477450298,1.9161543292125822,0.1330317086425328
-0.5465534879375932,Aiways U6,https://ev-database.org/car/1766/Aiways-U6,-0.7586675040049669,-0.5204906811936376,-0.5670395333372032,-0.18377450090091998,-0.5781780319004867,-0.10085022785329374,-0.5670371536047467
-0.15440748762362516,Toyota PROACE Verso L 75 kWh,https://ev-database.org/car/1515/Toyota-PROACE-Verso-L-75-kWh,2.097123307347751,-1.156384273602154,-0.012980890451115348,-1.0235902737062519,-1.4073272477450298,1.9161543292125822,-0.012972111965326496
-0.05637098754513318,NIO EL6 75 kWh,https://ev-database.org/car/1921/NIO-EL6-75-kWh,0.18280199424318186,-0.35091905655136657,-0.009400694691610931,-0.18377450090091998,0.5273542558922374,-1.1093525063862317,-0.00939768476781918
-1.575936738761759,Kia e-Soul 39.2 kWh,https://ev-database.org/car/1750/Kia-e-Soul-392-kWh,-0.7900498206132385,-1.4955275228866958,-0.2758295234728179,-1.3035288646413625,-0.661092953484941,0.9076520506796443,-0.27583664111104594
-1.232808988487037,Opel Combo-e Life 50 kWh,https://ev-database.org/car/1544/Opel-Combo-e-Life-50-kWh,0.9673599094499724,-0.9444197427993151,-0.7083171712209515,-1.536811023753955,-1.2691357117709392,1.5799869030349363,-0.7083135059836447
-0.15440748762362516,Citroen e-Jumpy Combi M 75 kWh,https://ev-database.org/car/1597/Citroen-e-Jumpy-Combi-M-75-kWh,1.9402117243063928,-1.113991367441586,-0.24475965070772737,-0.9769338418837336,-1.4073272477450298,1.9161543292125822,-0.24476218531336139
0.9730122632790328,Mercedes EQE AMG 53 4MATIC+,https://ev-database.org/car/1902/Mercedes-EQE-AMG-53-4MATICplus,-0.005491905406447891,0.5817248789811239,1.3979586923010558,0.8893234310170042,1.0801203997885995,-1.1093525063862317,1.3979465461733274
0.9239940132397868,Mercedes eVito Tourer Extra-Long 90 kWh,https://ev-database.org/car/1616/Mercedes-eVito-Tourer-Extra-Long-90-kWh,3.1327397554207144,-1.0292055551204506,-0.020608264025711715,-0.603682387303586,-0.5781780319004867,1.5799869030349363,-0.020611008798709064
0.6298845130043108,Porsche Taycan Turbo,https://ev-database.org/car/1927/Porsche-Taycan-Turbo,-0.22516812166434927,2.277441125403834,3.070190301222971,0.7026977037269304,2.1856526875813236,-1.4455199325638777,3.070201954091024
-0.15440748762362516,Peugeot e-Expert Combi Standard 75 kWh,https://ev-database.org/car/1607/Peugeot-e-Expert-Combi-Standard-75-kWh,1.9402117243063928,-1.113991367441586,-0.24475965070772737,-0.9769338418837336,-1.4073272477450298,2.2523217553902284,-0.24476218531336139
-1.232808988487037,Peugeot e-Rifter Standard 50 kWh,https://ev-database.org/car/1522/Peugeot-e-Rifter-Standard-50-kWh,0.9673599094499724,-0.9444197427993151,-0.764666339261847,-1.536811023753955,-1.2691357117709392,1.5799869030349363,-0.7646683863959577
-0.15440748762362516,Peugeot e-Traveller Long 75 kWh,https://ev-database.org/car/1354/Peugeot-e-Traveller-Long-75-kWh,2.097123307347751,-1.156384273602154,-0.16724062948019697,-1.0235902737062519,-1.4073272477450298,2.2523217553902284,-0.16724900197386805
0.1397020126118508,Genesis GV60 Sport,https://ev-database.org/car/1648/Genesis-GV60-Sport,-0.005491905406447891,1.8535120637981564,-0.08100460988169927,0.09616409003419067,0.5273542558922374,-0.43701765403093973,-0.08100153282111089
0.6298845130043108,Porsche Taycan 4S Cross Turismo,https://ev-database.org/car/1930/Porsche-Taycan-4S-Cross-Turismo,-0.162403488447806,2.235048219243266,1.6846234101577224,0.656041271904412,1.6328865436849616,-1.1093525063862317,1.6846213726185713
0.8259575131612947,VinFast VF 8 Plus Extended Range,https://ev-database.org/car/1809/VinFast-VF-8-Plus-Extended-Range,0.33971357728454,-0.01177580726682459,-0.21518412052051697,0.5160719764368566,0.5273542558922374,-0.43701765403093973,-0.21518668285656697
-0.007352737505887178,Porsche Taycan Sport Turismo,https://ev-database.org/car/1621/Porsche-Taycan-Sport-Turismo,-0.25655043827262086,1.5991546268347498,0.8806982353952655,0.09616409003419067,1.3565034717367805,-0.7731850802085857,0.8806923394630751
-0.5465534879375932,Mercedes EQV 250 Long,https://ev-database.org/car/1542/Mercedes-EQV-250-Long,2.85029890594627,-1.4955275228866958,0.07017304758050463,-1.4901545919314365,-0.5781780319004867,1.5799869030349363,0.07016214640250494
0.9239940132397868,Mercedes EQV 300 Extra-Long,https://ev-database.org/car/1315/Mercedes-EQV-300-Extra-Long,2.9758281723793565,-1.0292055551204506,0.2091157751863152,-0.5570259554810676,-0.5781780319004867,1.5799869030349363,0.209132416718495
-0.5465534879375932,Mercedes eVito Tourer Long 60 kWh,https://ev-database.org/car/1617/Mercedes-eVito-Tourer-Long-60-kWh,2.85029890594627,-1.0292055551204506,-0.15951985949448308,-1.4901545919314365,-0.5781780319004867,1.5799869030349363,-0.15952362706312642
-1.624954988801005,Abarth 500e Convertible,https://ev-database.org/car/1904/Abarth-500e-Convertible,-0.8528144538297817,-0.7748481181570441,-0.7724493735216392,-1.350185296463881,-0.7163695678745772,-0.10085022785329374,-0.772451413358272
0.1397020126118508,Genesis GV60 Sport Plus,https://ev-database.org/car/1649/Genesis-GV60-Sport-Plus,0.2455666274597251,1.6839404391558854,0.22720354680607227,-0.043805205433364656,1.494695007710871,-1.1093525063862317,0.22720633488653602
-2.066119239154219,Mini Cooper SE Convertible,https://ev-database.org/car/1827/Mini-Cooper-SE-Convertible,-0.6331382375718804,-1.3683488044049925,-0.2758295234728179,-1.9100624783341025,-0.8545611038486677,0.23531719832435224,-0.27583664111104594
-0.15440748762362516,Citroen e-SpaceTourer M 75 kWh,https://ev-database.org/car/1343/Citroen-e-SpaceTourer-M-75-kWh,1.9402117243063928,-1.113991367441586,-0.19183501774114034,-0.9769338418837336,-1.4073272477450298,1.9161543292125822,-0.19183760196962402
-0.05637098754513318,NIO EL7 75 kWh,https://ev-database.org/car/1788/NIO-EL7-75-kWh,0.3710958938928116,-0.39331196271193436,0.6256949009074335,-0.2770873645459569,0.5273542558922374,-1.1093525063862317,0.625697315357029
-0.15440748762362516,Peugeot e-Traveller Standard 75 kWh,https://ev-database.org/car/1353/Peugeot-e-Traveller-Standard-75-kWh,1.9402117243063928,-1.113991367441586,-0.19183501774114034,-0.9769338418837336,-1.4073272477450298,2.2523217553902284,-0.19183760196962402
-1.232808988487037,Peugeot e-Traveller Standard 50 kWh,https://ev-database.org/car/1351/Peugeot-e-Traveller-Standard-50-kWh,1.7205355080484914,-1.113991367441586,-0.3786278399761534,-1.7234367510440287,-1.4073272477450298,1.9161543292125822,-0.3786302490651676
0.6298845130043108,Porsche Taycan GTS Sport Turismo,https://ev-database.org/car/1561/Porsche-Taycan-GTS-Sport-Turismo,0.057272727810095354,2.107869500761563,2.3366548883060747,0.5160719764368566,1.9092696156331426,-1.1093525063862317,2.336666075905793
0.6298845130043108,Porsche Taycan Turbo Cross Turismo,https://ev-database.org/car/1931/Porsche-Taycan-Turbo-Cross-Turismo,0.057272727810095354,2.107869500761563,3.114646992914904,0.5160719764368566,1.9092696156331426,-1.4455199325638777,3.1146516858535747
-0.15440748762362516,Peugeot e-Expert Combi Long 75 kWh,https://ev-database.org/car/1608/Peugeot-e-Expert-Combi-Long-75-kWh,2.097123307347751,-1.156384273602154,-0.220165262446784,-1.0235902737062519,-1.4073272477450298,2.2523217553902284,-0.2201735853176054
-0.15440748762362516,Fiat E-Ulysse L3 75 kWh,https://ev-database.org/car/1724/Fiat-E-Ulysse-L3-75-kWh,2.097123307347751,-1.156384273602154,-0.08754235865992473,-1.0235902737062519,-1.4073272477450298,1.9161543292125822,-0.08754504067461219
-1.232808988487037,Citroen e-SpaceTourer XL 50 kWh,https://ev-database.org/car/1342/Citroen-e-SpaceTourer-XL-50-kWh,1.9402117243063928,-1.113991367441586,-0.35403345171521,-1.7700931828665472,-1.4073272477450298,1.5799869030349363,-0.35404164906941166
0.6298845130043108,Porsche Taycan Turbo S Cross Turismo,https://ev-database.org/car/1932/Porsche-Taycan-Turbo-S-Cross-Turismo,0.27694894406799675,1.938297876119292,4.15196979906001,0.37610268096930133,1.9092696156331426,-1.4455199325638777,4.151956223775356
-1.232808988487037,Citroen e-Berlingo XL 50 kWh,https://ev-database.org/car/1547/Citroen-e-Berlingo-XL-50-kWh,0.9673599094499724,-0.9444197427993151,-0.6899492103678418,-1.536811023753955,-1.2691357117709392,1.5799869030349363,-0.6899513275577402
-2.458265239468187,Fiat 500e Cabrio 24 kWh,https://ev-database.org/car/1727/Fiat-500e-Cabrio-24-kWh,-1.166637619912498,-1.3683488044049925,-0.943676127237068,-2.190001069269213,-1.2691357117709392,0.5714846245019982,-0.943678006529187
0.6298845130043108,Porsche Taycan Plus Sport Turismo,https://ev-database.org/car/1622/Porsche-Taycan-Plus-Sport-Turismo,-0.22516812166434927,2.277441125403834,1.058898587807468,0.7026977037269304,1.3565034717367805,-0.7731850802085857,1.0588948308742867
-0.15440748762362516,Toyota PROACE Shuttle M 75 kWh,https://ev-database.org/car/1611/Toyota-PROACE-Shuttle-M-75-kWh,1.9402117243063928,-1.113991367441586,-0.2758295234728179,-0.9769338418837336,-1.4073272477450298,1.9161543292125822,-0.27583664111104594
-1.232808988487037,Toyota PROACE Shuttle L 50 kWh,https://ev-database.org/car/1610/Toyota-PROACE-Shuttle-L-50-kWh,1.9402117243063928,-1.113991367441586,-0.2758295234728179,-1.7700931828665472,-1.4073272477450298,1.5799869030349363,-0.27583664111104594
0.6298845130043108,Porsche Taycan Turbo S Sport Turismo,https://ev-database.org/car/1626/Porsche-Taycan-Turbo-S-Sport-Turismo,0.5280074769341697,1.768726251477021,4.137150901829366,0.236133385501746,2.1856526875813236,-1.4455199325638777,4.137139646521172
-0.15440748762362516,Citroen e-SpaceTourer XL 75 kWh,https://ev-database.org/car/1344/Citroen-e-SpaceTourer-XL-75-kWh,2.097123307347751,-1.156384273602154,-0.16724062948019697,-1.0235902737062519,-1.4073272477450298,1.9161543292125822,-0.16724900197386805
-1.232808988487037,Citroen e-Jumpy Combi M 50 kWh,https://ev-database.org/car/1595/Citroen-e-Jumpy-Combi-M-50-kWh,1.7205355080484914,-1.113991367441586,-0.43155247294274046,-1.7234367510440287,-1.4073272477450298,1.5799869030349363,-0.43155483240890496
-1.232808988487037,Opel Zafira-e Life M 50 kWh,https://ev-database.org/car/1346/Opel-Zafira-e-Life-M-50-kWh,1.7205355080484914,-1.113991367441586,-0.07944800302974082,-1.7234367510440287,-1.4073272477450298,1.5799869030349363,-0.07944492742864803
-0.15440748762362516,Toyota PROACE Shuttle L 75 kWh,https://ev-database.org/car/1612/Toyota-PROACE-Shuttle-L-75-kWh,2.097123307347751,-1.156384273602154,-0.2758295234728179,-1.0235902737062519,-1.4073272477450298,1.9161543292125822,-0.27583664111104594
-0.15440748762362516,Citroen e-Jumpy Combi XL 75 kWh,https://ev-database.org/car/1598/Citroen-e-Jumpy-Combi-XL-75-kWh,2.097123307347751,-1.156384273602154,-0.220165262446784,-1.0235902737062519,-1.4073272477450298,1.9161543292125822,-0.2201735853176054
0.6298845130043108,Porsche Taycan 4S Plus Sport Turismo,https://ev-database.org/car/1624/Porsche-Taycan-4S-Plus-Sport-Turismo,-0.005491905406447891,2.1502624069221308,1.6898224770432637,0.5627284082593751,1.9092696156331426,-1.1093525063862317,1.6898100572601142
-1.232808988487037,Opel Combo-e Life XL 50 kWh,https://ev-database.org/car/1545/Opel-Combo-e-Life-XL-50-kWh,1.1556538090996022,-0.9868126489598829,-0.6553925382543644,-1.5834674555764734,-1.2691357117709392,1.5799869030349363,-0.6553889226399074
-1.232808988487037,Toyota PROACE Shuttle M 50 kWh,https://ev-database.org/car/1609/Toyota-PROACE-Shuttle-M-50-kWh,1.7205355080484914,-1.113991367441586,-0.2758295234728179,-1.7234367510440287,-1.4073272477450298,1.5799869030349363,-0.27583664111104594
-0.007352737505887178,Porsche Taycan 4S Sport Turismo,https://ev-database.org/car/1623/Porsche-Taycan-4S-Sport-Turismo,-0.09963885523126276,1.5143688145136145,1.5179108163129733,0.002851226389153787,1.9092696156331426,-1.1093525063862317,1.5179204654961131
-1.232808988487037,Peugeot e-Expert Combi Standard 50 kWh,https://ev-database.org/car/1605/Peugeot-e-Expert-Combi-Standard-50-kWh,1.7205355080484914,-1.113991367441586,-0.43155247294274046,-1.7234367510440287,-1.4073272477450298,1.9161543292125822,-0.43155483240890496
-0.5465534879375932,Mercedes eVito Tourer Extra-Long 60 kWh,https://ev-database.org/car/1618/Mercedes-eVito-Tourer-Extra-Long-60-kWh,3.069975122204171,-1.0715984612810183,-0.1317188611185053,-1.536811023753955,-0.5781780319004867,1.5799869030349363,-0.13170651217929935
-1.232808988487037,Peugeot e-Traveller Long 50 kWh,https://ev-database.org/car/1352/Peugeot-e-Traveller-Long-50-kWh,1.7205355080484914,-1.113991367441586,-0.35403345171521,-1.7234367510440287,-1.4073272477450298,1.9161543292125822,-0.35404164906941166
-0.15440748762362516,Fiat E-Ulysse L2 75 kWh,https://ev-database.org/car/1722/Fiat-E-Ulysse-L2-75-kWh,1.9402117243063928,-1.113991367441586,-0.11867449569909357,-0.9769338418837336,-1.4073272477450298,1.9161543292125822,-0.11867714852386944
0.6298845130043108,Porsche Taycan Turbo Sport Turismo,https://ev-database.org/car/1625/Porsche-Taycan-Turbo-Sport-Turismo,0.3710958938928116,1.8959049699587243,3.0998280956842597,0.3294462491467829,2.1856526875813236,-1.4455199325638777,3.099835108599391
-0.5465534879375932,Mercedes EQV 250 Extra-Long,https://ev-database.org/car/1543/Mercedes-EQV-250-Extra-Long,2.85029890594627,-1.4955275228866958,0.0979740459564824,-1.4901545919314365,-0.5781780319004867,1.5799869030349363,0.09797926128633204
-0.15440748762362516,Opel Vivaro-e Combi L 75 kWh,https://ev-database.org/car/1603/Opel-Vivaro-e-Combi-L-75-kWh,2.097123307347751,-1.156384273602154,-0.24989645331919025,-1.0235902737062519,-1.4073272477450298,1.9161543292125822,-0.24989321790333155
-1.232808988487037,Opel Vivaro-e Combi M 50 kWh,https://ev-database.org/car/1600/Opel-Vivaro-e-Combi-M-50-kWh,1.7205355080484914,-1.113991367441586,-0.4610657388558725,-1.7234367510440287,-1.4073272477450298,1.5799869030349363,-0.46107268281412667
-1.232808988487037,Opel Zafira-e Life L 50 kWh,https://ev-database.org/car/1347/Opel-Zafira-e-Life-L-50-kWh,1.9402117243063928,-1.113991367441586,-0.05376398997242653,-1.7700931828665472,-1.4073272477450298,1.5799869030349363,-0.05376093845301078
-1.232808988487037,Peugeot e-Expert Combi Long 50 kWh,https://ev-database.org/car/1606/Peugeot-e-Expert-Combi-Long-50-kWh,1.7205355080484914,-1.113991367441586,-0.40695808468179706,-1.7234367510440287,-1.4073272477450298,1.9161543292125822,-0.406966232413149
-1.232808988487037,Citroen e-Jumpy Combi XL 50 kWh,https://ev-database.org/car/1596/Citroen-e-Jumpy-Combi-XL-50-kWh,1.9402117243063928,-1.113991367441586,-0.40695808468179706,-1.7700931828665472,-1.4073272477450298,1.5799869030349363,-0.406966232413149
-1.232808988487037,Fiat E-Ulysse L2 50 kWh,https://ev-database.org/car/1721/Fiat-E-Ulysse-L2-50-kWh,1.7205355080484914,-1.113991367441586,-0.30546731793410664,-1.7234367510440287,-1.4073272477450298,1.5799869030349363,-0.30546979561941306
-1.232808988487037,Opel Vivaro-e Combi L 50 kWh,https://ev-database.org/car/1601/Opel-Vivaro-e-Combi-L-50-kWh,1.9402117243063928,-1.113991367441586,-0.4351326687022449,-1.7700931828665472,-1.4073272477450298,1.5799869030349363,-0.4351292596064123
-0.15440748762362516,Opel Zafira-e Life M 75 kWh,https://ev-database.org/car/1348/Opel-Zafira-e-Life-M-75-kWh,1.9402117243063928,-1.113991367441586,0.10734481920527222,-0.9769338418837336,-1.4073272477450298,1.9161543292125822,0.10734771966689556
-1.232808988487037,Fiat E-Ulysse L3 50 kWh,https://ev-database.org/car/1723/Fiat-E-Ulysse-L3-50-kWh,1.9402117243063928,-1.113991367441586,-0.2743351808949378,-1.7700931828665472,-1.4073272477450298,1.5799869030349363,-0.27433768777015577
